year,city,avg_temp,moving_average_temp
1750,Chicago,10.49,10.4900000000000000
1751,Chicago,11.19,10.8400000000000000
1752,Chicago,4.50,8.7266666666666667
1753,Chicago,10.04,9.0550000000000000
1754,Chicago,10.64,9.3720000000000000
1755,Chicago,7.41,9.0450000000000000
1756,Chicago,11.15,9.3457142857142857
1757,Chicago,9.50,9.3650000000000000
1758,Chicago,8.61,9.2811111111111111
1759,Chicago,9.59,9.3120000000000000
1760,Chicago,8.05,9.1972727272727273
1761,Chicago,10.40,9.2975000000000000
1762,Chicago,9.82,9.3376923076923077
1763,Chicago,7.72,9.2221428571428571
1764,Chicago,10.63,9.3160000000000000
1765,Chicago,9.78,9.3450000000000000
1766,Chicago,10.49,9.4123529411764706
1767,Chicago,9.41,9.4122222222222222
1768,Chicago,8.95,9.3878947368421053
1769,Chicago,9.79,9.4080000000000000
1770,Chicago,9.66,9.4200000000000000
1771,Chicago,10.44,9.4663636363636364
1772,Chicago,10.27,9.5013043478260870
1773,Chicago,10.42,9.5395833333333333
1774,Chicago,10.27,9.5688000000000000
1775,Chicago,10.99,9.6234615384615385
1776,Chicago,9.98,9.6366666666666667
1777,Chicago,9.67,9.6378571428571429
1778,Chicago,7.63,9.5686206896551724
1779,Chicago,10.32,9.5936666666666667
1780,Chicago,12.54,9.6887096774193548
1781,Chicago,10.18,9.7040625000000000
1782,Chicago,9.69,9.7036363636363636
1783,Chicago,9.44,9.6958823529411765
1784,Chicago,9.40,9.6874285714285714
1785,Chicago,9.20,9.6738888888888889
1786,Chicago,9.75,9.6759459459459459
1787,Chicago,9.78,9.6786842105263158
1788,Chicago,10.28,9.6941025641025641
1789,Chicago,10.03,9.7025000000000000
1790,Chicago,9.93,9.7080487804878049
1791,Chicago,10.12,9.7178571428571429
1792,Chicago,9.62,9.7155813953488372
1793,Chicago,10.20,9.7265909090909091
1794,Chicago,10.30,9.7393333333333333
1795,Chicago,10.01,9.7452173913043478
1796,Chicago,9.92,9.7489361702127660
1797,Chicago,9.66,9.7470833333333333
1798,Chicago,10.43,9.7610204081632653
1799,Chicago,10.11,9.7680000000000000
1800,Chicago,10.11,9.7747058823529412
1801,Chicago,10.47,9.7880769230769231
1802,Chicago,10.66,9.8045283018867925
1803,Chicago,10.48,9.8170370370370370
1804,Chicago,10.41,9.8278181818181818
1805,Chicago,10.63,9.8421428571428571
1806,Chicago,10.10,9.8466666666666667
1807,Chicago,9.88,9.8472413793103448
1808,Chicago,9.84,9.8471186440677966
1809,Chicago,9.04,9.8336666666666667
1810,Chicago,9.22,9.8236065573770492
1811,Chicago,9.37,9.8162903225806452
1812,Chicago,8.34,9.7928571428571429
1813,Chicago,9.67,9.7909375000000000
1814,Chicago,9.55,9.7872307692307692
1815,Chicago,8.86,9.7731818181818182
1816,Chicago,8.27,9.7507462686567164
1817,Chicago,8.54,9.7329411764705882
1818,Chicago,9.42,9.7284057971014493
1819,Chicago,9.19,9.7207142857142857
1820,Chicago,9.02,9.7108450704225352
1821,Chicago,9.08,9.7020833333333333
1822,Chicago,9.87,9.7043835616438356
1823,Chicago,9.31,9.6990540540540541
1824,Chicago,9.57,9.6973333333333333
1825,Chicago,10.87,9.7127631578947368
1826,Chicago,10.19,9.7189610389610390
1827,Chicago,10.58,9.7300000000000000
1828,Chicago,11.00,9.7460759493670886
1829,Chicago,9.94,9.7485000000000000
1830,Chicago,11.11,9.7653086419753086
1831,Chicago,9.02,9.7562195121951220
1832,Chicago,10.33,9.7631325301204819
1833,Chicago,10.70,9.7742857142857143
1834,Chicago,10.92,9.7877647058823529
1835,Chicago,9.44,9.7837209302325581
1836,Chicago,8.68,9.7710344827586207
1837,Chicago,9.42,9.7670454545454545
1838,Chicago,8.81,9.7562921348314607
1839,Chicago,10.57,9.7653333333333333
1840,Chicago,10.24,9.7705494505494505
1841,Chicago,9.83,9.7711956521739130
1842,Chicago,10.32,9.7770967741935484
1843,Chicago,8.78,9.7664893617021277
1844,Chicago,10.28,9.7718947368421053
1845,Chicago,10.60,9.7805208333333333
1846,Chicago,11.29,9.7960824742268041
1847,Chicago,9.23,9.7903061224489796
1848,Chicago,9.77,9.7901010101010101
1849,Chicago,9.34,9.7856000000000000
1850,Chicago,9.89,9.7866336633663366
1851,Chicago,10.17,9.7903921568627451
1852,Chicago,9.82,9.7906796116504854
1853,Chicago,10.21,9.7947115384615385
1854,Chicago,10.96,9.8058095238095238
1855,Chicago,9.71,9.8049056603773585
1856,Chicago,8.66,9.7942056074766355
1857,Chicago,8.76,9.7846296296296296
1858,Chicago,10.53,9.7914678899082569
1859,Chicago,9.76,9.7911818181818182
1860,Chicago,9.75,9.7908108108108108
1861,Chicago,9.62,9.7892857142857143
1862,Chicago,9.36,9.7854867256637168
1863,Chicago,9.73,9.7850000000000000
1864,Chicago,9.35,9.7812173913043478
1865,Chicago,9.92,9.7824137931034483
1866,Chicago,9.05,9.7761538461538462
1867,Chicago,9.43,9.7732203389830508
1868,Chicago,8.88,9.7657142857142857
1869,Chicago,8.73,9.7570833333333333
1870,Chicago,10.55,9.7636363636363636
1871,Chicago,9.91,9.7648360655737705
1872,Chicago,8.72,9.7563414634146341
1873,Chicago,8.84,9.7489516129032258
1874,Chicago,10.18,9.7524000000000000
1875,Chicago,7.80,9.7369047619047619
1876,Chicago,9.69,9.7365354330708661
1877,Chicago,10.68,9.7439062500000000
1878,Chicago,11.31,9.7560465116279070
1879,Chicago,10.11,9.7587692307692308
1880,Chicago,10.46,9.7641221374045802
1881,Chicago,10.25,9.7678030303030303
1882,Chicago,10.38,9.7724060150375940
1883,Chicago,8.42,9.7623134328358209
1884,Chicago,9.35,9.7592592592592593
1885,Chicago,7.96,9.7460294117647059
1886,Chicago,9.40,9.7435036496350365
1887,Chicago,9.64,9.7427536231884058
1888,Chicago,8.74,9.7355395683453237
1889,Chicago,10.02,9.7375714285714286
1890,Chicago,10.21,9.7409219858156028
1891,Chicago,10.29,9.7447887323943662
1892,Chicago,9.21,9.7410489510489510
1893,Chicago,8.91,9.7352777777777778
1894,Chicago,10.79,9.7425517241379310
1895,Chicago,9.32,9.7396575342465753
1896,Chicago,10.39,9.7440816326530612
1897,Chicago,10.05,9.7461486486486486
1898,Chicago,10.24,9.7494630872483221
1899,Chicago,10.12,9.7519333333333333
1900,Chicago,10.63,9.7577483443708609
1901,Chicago,9.87,9.7584868421052632
1902,Chicago,10.04,9.7603267973856209
1903,Chicago,9.57,9.7590909090909091
1904,Chicago,8.56,9.7513548387096774
1905,Chicago,9.42,9.7492307692307692
1906,Chicago,10.56,9.7543949044585987
1907,Chicago,9.32,9.7516455696202532
1908,Chicago,10.68,9.7574842767295597
1909,Chicago,9.89,9.7583125000000000
1910,Chicago,10.20,9.7610559006211180
1911,Chicago,10.87,9.7679012345679012
1912,Chicago,8.95,9.7628834355828221
1913,Chicago,10.83,9.7693902439024390
1914,Chicago,10.20,9.7720000000000000
1915,Chicago,9.98,9.7732530120481928
1916,Chicago,9.84,9.7736526946107784
1917,Chicago,8.06,9.7634523809523810
1918,Chicago,10.06,9.7652071005917160
1919,Chicago,10.64,9.7703529411764706
1920,Chicago,9.83,9.7707017543859649
1921,Chicago,12.28,9.7852906976744186
1922,Chicago,10.92,9.7918497109826590
1923,Chicago,10.12,9.7937356321839080
1924,Chicago,8.77,9.7878857142857143
1925,Chicago,9.93,9.7886931818181818
1926,Chicago,9.12,9.7849152542372881
1927,Chicago,10.54,9.7891573033707865
1928,Chicago,10.21,9.7915083798882682
1929,Chicago,9.28,9.7886666666666667
1930,Chicago,10.79,9.7941988950276243
1931,Chicago,12.39,9.8084615384615385
1932,Chicago,10.61,9.8128415300546448
1933,Chicago,11.09,9.8197826086956522
1934,Chicago,10.87,9.8254594594594595
1935,Chicago,10.01,9.8264516129032258
1936,Chicago,9.86,9.8266310160427807
1937,Chicago,9.99,9.8275000000000000
1938,Chicago,11.40,9.8358201058201058
1939,Chicago,11.35,9.8437894736842105
1940,Chicago,9.67,9.8428795811518325
1941,Chicago,11.41,9.8510416666666667
1942,Chicago,10.41,9.8539378238341969
1943,Chicago,9.72,9.8532474226804124
1944,Chicago,10.82,9.8582051282051282
1945,Chicago,9.96,9.8587244897959184
1946,Chicago,11.40,9.8665482233502538
1947,Chicago,10.22,9.8683333333333333
1948,Chicago,10.41,9.8710552763819095
1949,Chicago,11.18,9.8776000000000000
1950,Chicago,9.43,9.8753731343283582
1951,Chicago,9.42,9.8731188118811881
1952,Chicago,10.91,9.8782266009852217
1953,Chicago,11.67,9.8870098039215686
1954,Chicago,11.11,9.8929756097560976
1955,Chicago,11.01,9.8983980582524272
1956,Chicago,10.72,9.9023671497584541
1957,Chicago,10.42,9.9048557692307692
1958,Chicago,9.90,9.9048325358851675
1959,Chicago,10.43,9.9073333333333333
1960,Chicago,10.11,9.9082938388625592
1961,Chicago,10.58,9.9114622641509434
1962,Chicago,9.99,9.9118309859154930
1963,Chicago,9.89,9.9117289719626168
1964,Chicago,11.06,9.9170697674418605
1965,Chicago,10.34,9.9190277777777778
1966,Chicago,10.05,9.9196313364055300
1967,Chicago,9.84,9.9192660550458716
1968,Chicago,10.66,9.9226484018264840
1969,Chicago,10.03,9.9231363636363636
1970,Chicago,10.34,9.9250226244343891
1971,Chicago,10.58,9.9279729729729730
1972,Chicago,9.39,9.9255605381165919
1973,Chicago,11.55,9.9328125000000000
1974,Chicago,10.35,9.9346666666666667
1975,Chicago,10.82,9.9385840707964602
1976,Chicago,9.79,9.9379295154185022
1977,Chicago,10.46,9.9402192982456140
1978,Chicago,9.46,9.9381222707423581
1979,Chicago,9.37,9.9356521739130435
1980,Chicago,10.05,9.9361471861471861
1981,Chicago,10.54,9.9387500000000000
1982,Chicago,9.99,9.9389699570815451
1983,Chicago,10.94,9.9432478632478632
1984,Chicago,10.66,9.9462978723404255
1985,Chicago,10.11,9.9469915254237288
1986,Chicago,10.82,9.9506751054852321
1987,Chicago,12.04,9.9594537815126050
1988,Chicago,10.86,9.9632217573221757
1989,Chicago,9.80,9.9625416666666667
1990,Chicago,11.50,9.9689211618257261
1991,Chicago,11.58,9.9755785123966942
1992,Chicago,10.24,9.9766666666666667
1993,Chicago,10.18,9.9775000000000000
1994,Chicago,10.56,9.9798775510204082
1995,Chicago,10.57,9.9822764227642276
1996,Chicago,9.56,9.9805668016194332
1997,Chicago,10.14,9.9812096774193548
1998,Chicago,12.81,9.9925702811244980
1999,Chicago,11.72,9.9994800000000000
2000,Chicago,11.09,10.0038247011952191
2001,Chicago,11.70,10.0105555555555556
2002,Chicago,11.53,10.0165612648221344
2003,Chicago,10.48,10.0183858267716535
2004,Chicago,10.94,10.0220000000000000
2005,Chicago,11.58,10.0280859375000000
2006,Chicago,11.87,10.0352529182879377
2007,Chicago,11.45,10.0407364341085271
2008,Chicago,10.24,10.0415057915057915
2009,Chicago,10.30,10.0425000000000000
2010,Chicago,11.82,10.0493103448275862
2011,Chicago,11.21,10.0537404580152672
2012,Chicago,12.82,10.0642585551330798
2013,Chicago,11.59,10.0700378787878788
1750,Copenhagen,8.89,8.8900000000000000
1751,Copenhagen,8.33,8.6100000000000000
1752,Copenhagen,4.22,7.1466666666666667
1753,Copenhagen,7.61,7.2625000000000000
1754,Copenhagen,7.46,7.3020000000000000
1755,Copenhagen,7.28,7.2983333333333333
1756,Copenhagen,8.15,7.4200000000000000
1757,Copenhagen,8.16,7.5125000000000000
1758,Copenhagen,7.17,7.4744444444444444
1759,Copenhagen,8.28,7.5550000000000000
1760,Copenhagen,7.83,7.5800000000000000
1761,Copenhagen,8.54,7.6600000000000000
1762,Copenhagen,7.39,7.6392307692307692
1763,Copenhagen,7.33,7.6171428571428571
1764,Copenhagen,7.82,7.6306666666666667
1765,Copenhagen,7.43,7.6181250000000000
1766,Copenhagen,8.03,7.6423529411764706
1767,Copenhagen,7.14,7.6144444444444444
1768,Copenhagen,7.19,7.5921052631578947
1769,Copenhagen,7.60,7.5925000000000000
1770,Copenhagen,7.60,7.5928571428571429
1771,Copenhagen,6.65,7.5500000000000000
1772,Copenhagen,7.62,7.5530434782608696
1773,Copenhagen,8.64,7.5983333333333333
1774,Copenhagen,7.16,7.5808000000000000
1775,Copenhagen,8.87,7.6303846153846154
1776,Copenhagen,7.73,7.6340740740740741
1777,Copenhagen,7.34,7.6235714285714286
1778,Copenhagen,8.15,7.6417241379310345
1779,Copenhagen,9.55,7.7053333333333333
1780,Copenhagen,7.78,7.7077419354838710
1781,Copenhagen,8.82,7.7425000000000000
1782,Copenhagen,7.13,7.7239393939393939
1783,Copenhagen,8.70,7.7526470588235294
1784,Copenhagen,6.47,7.7160000000000000
1785,Copenhagen,6.61,7.6852777777777778
1786,Copenhagen,6.56,7.6548648648648649
1787,Copenhagen,8.01,7.6642105263157895
1788,Copenhagen,7.30,7.6548717948717949
1789,Copenhagen,8.11,7.6662500000000000
1790,Copenhagen,8.13,7.6775609756097561
1791,Copenhagen,8.51,7.6973809523809524
1792,Copenhagen,7.91,7.7023255813953488
1793,Copenhagen,8.12,7.7118181818181818
1794,Copenhagen,8.93,7.7388888888888889
1795,Copenhagen,7.49,7.7334782608695652
1796,Copenhagen,8.10,7.7412765957446809
1797,Copenhagen,8.91,7.7656250000000000
1798,Copenhagen,8.58,7.7822448979591837
1799,Copenhagen,5.89,7.7444000000000000
1800,Copenhagen,7.33,7.7362745098039216
1801,Copenhagen,8.43,7.7496153846153846
1802,Copenhagen,7.78,7.7501886792452830
1803,Copenhagen,6.99,7.7361111111111111
1804,Copenhagen,7.35,7.7290909090909091
1805,Copenhagen,6.38,7.7050000000000000
1806,Copenhagen,8.20,7.7136842105263158
1807,Copenhagen,7.99,7.7184482758620690
1808,Copenhagen,7.42,7.7133898305084746
1809,Copenhagen,7.39,7.7080000000000000
1810,Copenhagen,7.31,7.7014754098360656
1811,Copenhagen,8.77,7.7187096774193548
1812,Copenhagen,6.44,7.6984126984126984
1813,Copenhagen,7.85,7.7007812500000000
1814,Copenhagen,6.43,7.6812307692307692
1815,Copenhagen,7.51,7.6786363636363636
1816,Copenhagen,6.73,7.6644776119402985
1817,Copenhagen,7.82,7.6667647058823529
1818,Copenhagen,8.20,7.6744927536231884
1819,Copenhagen,8.52,7.6865714285714286
1820,Copenhagen,6.93,7.6759154929577465
1821,Copenhagen,7.95,7.6797222222222222
1822,Copenhagen,9.19,7.7004109589041096
1823,Copenhagen,7.35,7.6956756756756757
1824,Copenhagen,8.58,7.7074666666666667
1825,Copenhagen,8.42,7.7168421052631579
1826,Copenhagen,8.77,7.7305194805194805
1827,Copenhagen,7.87,7.7323076923076923
1828,Copenhagen,7.99,7.7355696202531646
1829,Copenhagen,5.77,7.7110000000000000
1830,Copenhagen,7.04,7.7027160493827160
1831,Copenhagen,8.15,7.7081707317073171
1832,Copenhagen,7.64,7.7073493975903614
1833,Copenhagen,7.83,7.7088095238095238
1834,Copenhagen,9.20,7.7263529411764706
1835,Copenhagen,7.89,7.7282558139534884
1836,Copenhagen,7.65,7.7273563218390805
1837,Copenhagen,7.27,7.7221590909090909
1838,Copenhagen,6.05,7.7033707865168539
1839,Copenhagen,7.26,7.6984444444444444
1840,Copenhagen,6.76,7.6881318681318681
1841,Copenhagen,7.62,7.6873913043478261
1842,Copenhagen,8.22,7.6931182795698925
1843,Copenhagen,8.11,7.6975531914893617
1844,Copenhagen,6.72,7.6872631578947368
1845,Copenhagen,6.89,7.6789583333333333
1846,Copenhagen,9.02,7.6927835051546392
1847,Copenhagen,7.51,7.6909183673469388
1848,Copenhagen,7.75,7.6915151515151515
1849,Copenhagen,7.04,7.6850000000000000
1850,Copenhagen,7.30,7.6811881188118812
1851,Copenhagen,7.76,7.6819607843137255
1852,Copenhagen,8.33,7.6882524271844660
1853,Copenhagen,6.76,7.6793269230769231
1854,Copenhagen,7.84,7.6808571428571429
1855,Copenhagen,6.19,7.6667924528301887
1856,Copenhagen,7.12,7.6616822429906542
1857,Copenhagen,8.55,7.6699074074074074
1858,Copenhagen,7.73,7.6704587155963303
1859,Copenhagen,8.68,7.6796363636363636
1860,Copenhagen,6.93,7.6728828828828829
1861,Copenhagen,7.90,7.6749107142857143
1862,Copenhagen,7.51,7.6734513274336283
1863,Copenhagen,8.76,7.6829824561403509
1864,Copenhagen,6.61,7.6736521739130435
1865,Copenhagen,7.75,7.6743103448275862
1866,Copenhagen,8.17,7.6785470085470085
1867,Copenhagen,6.77,7.6708474576271186
1868,Copenhagen,8.97,7.6817647058823529
1869,Copenhagen,7.86,7.6832500000000000
1870,Copenhagen,6.83,7.6761983471074380
1871,Copenhagen,6.34,7.6652459016393443
1872,Copenhagen,8.84,7.6747967479674797
1873,Copenhagen,8.16,7.6787096774193548
1874,Copenhagen,8.16,7.6825600000000000
1875,Copenhagen,7.25,7.6791269841269841
1876,Copenhagen,7.44,7.6772440944881890
1877,Copenhagen,7.25,7.6739062500000000
1878,Copenhagen,8.28,7.6786046511627907
1879,Copenhagen,6.26,7.6676923076923077
1880,Copenhagen,7.92,7.6696183206106870
1881,Copenhagen,6.44,7.6603030303030303
1882,Copenhagen,8.51,7.6666917293233083
1883,Copenhagen,7.73,7.6671641791044776
1884,Copenhagen,8.42,7.6727407407407407
1885,Copenhagen,7.38,7.6705882352941176
1886,Copenhagen,7.52,7.6694890510948905
1887,Copenhagen,7.31,7.6668840579710145
1888,Copenhagen,6.42,7.6579136690647482
1889,Copenhagen,7.69,7.6581428571428571
1890,Copenhagen,7.62,7.6578723404255319
1891,Copenhagen,7.53,7.6569718309859155
1892,Copenhagen,7.09,7.6530069930069930
1893,Copenhagen,7.43,7.6514583333333333
1894,Copenhagen,8.34,7.6562068965517241
1895,Copenhagen,7.23,7.6532876712328767
1896,Copenhagen,8.22,7.6571428571428571
1897,Copenhagen,7.89,7.6587162162162162
1898,Copenhagen,8.23,7.6625503355704698
1899,Copenhagen,8.27,7.6666000000000000
1900,Copenhagen,7.96,7.6685430463576159
1901,Copenhagen,7.88,7.6699342105263158
1902,Copenhagen,6.71,7.6636601307189542
1903,Copenhagen,8.05,7.6661688311688312
1904,Copenhagen,7.93,7.6678709677419355
1905,Copenhagen,7.88,7.6692307692307692
1906,Copenhagen,8.38,7.6737579617834395
1907,Copenhagen,7.40,7.6720253164556962
1908,Copenhagen,7.74,7.6724528301886792
1909,Copenhagen,7.02,7.6683750000000000
1910,Copenhagen,8.67,7.6745962732919255
1911,Copenhagen,8.89,7.6820987654320988
1912,Copenhagen,7.64,7.6818404907975460
1913,Copenhagen,8.59,7.6873780487804878
1914,Copenhagen,9.00,7.6953333333333333
1915,Copenhagen,7.18,7.6922289156626506
1916,Copenhagen,7.98,7.6939520958083832
1917,Copenhagen,7.50,7.6927976190476190
1918,Copenhagen,8.05,7.6949112426035503
1919,Copenhagen,7.05,7.6911176470588235
1920,Copenhagen,8.35,7.6949707602339181
1921,Copenhagen,8.77,7.7012209302325581
1922,Copenhagen,6.90,7.6965895953757225
1923,Copenhagen,7.23,7.6939080459770115
1924,Copenhagen,7.28,7.6915428571428571
1925,Copenhagen,8.33,7.6951704545454545
1926,Copenhagen,8.29,7.6985310734463277
1927,Copenhagen,7.65,7.6982584269662921
1928,Copenhagen,7.69,7.6982122905027933
1929,Copenhagen,6.97,7.6941666666666667
1930,Copenhagen,8.62,7.6992817679558011
1931,Copenhagen,7.32,7.6971978021978022
1932,Copenhagen,8.48,7.7014754098360656
1933,Copenhagen,8.21,7.7042391304347826
1934,Copenhagen,9.60,7.7144864864864865
1935,Copenhagen,8.52,7.7188172043010753
1936,Copenhagen,8.36,7.7222459893048128
1937,Copenhagen,8.41,7.7259042553191489
1938,Copenhagen,9.21,7.7337566137566138
1939,Copenhagen,8.60,7.7383157894736842
1940,Copenhagen,6.36,7.7310994764397906
1941,Copenhagen,6.65,7.7254687500000000
1942,Copenhagen,6.36,7.7183937823834197
1943,Copenhagen,8.82,7.7240721649484536
1944,Copenhagen,8.45,7.7277948717948718
1945,Copenhagen,8.84,7.7334693877551020
1946,Copenhagen,8.00,7.7348223350253807
1947,Copenhagen,7.67,7.7344949494949495
1948,Copenhagen,8.77,7.7396984924623116
1949,Copenhagen,9.30,7.7475000000000000
1950,Copenhagen,8.41,7.7507960199004975
1951,Copenhagen,8.44,7.7542079207920792
1952,Copenhagen,7.46,7.7527586206896552
1953,Copenhagen,8.98,7.7587745098039216
1954,Copenhagen,7.58,7.7579024390243902
1955,Copenhagen,7.61,7.7571844660194175
1956,Copenhagen,6.88,7.7529468599033816
1957,Copenhagen,8.35,7.7558173076923077
1958,Copenhagen,7.65,7.7553110047846890
1959,Copenhagen,9.04,7.7614285714285714
1960,Copenhagen,8.05,7.7627962085308057
1961,Copenhagen,8.85,7.7679245283018868
1962,Copenhagen,7.35,7.7659624413145540
1963,Copenhagen,7.01,7.7624299065420561
1964,Copenhagen,7.86,7.7628837209302326
1965,Copenhagen,7.36,7.7610185185185185
1966,Copenhagen,7.66,7.7605529953917051
1967,Copenhagen,8.86,7.7655963302752294
1968,Copenhagen,8.26,7.7678538812785388
1969,Copenhagen,7.70,7.7675454545454545
1970,Copenhagen,7.29,7.7653846153846154
1971,Copenhagen,8.51,7.7687387387387387
1972,Copenhagen,8.18,7.7705829596412556
1973,Copenhagen,8.57,7.7741517857142857
1974,Copenhagen,8.88,7.7790666666666667
1975,Copenhagen,9.29,7.7857522123893805
1976,Copenhagen,8.15,7.7873568281938326
1977,Copenhagen,8.37,7.7899122807017544
1978,Copenhagen,7.93,7.7905240174672489
1979,Copenhagen,7.04,7.7872608695652174
1980,Copenhagen,7.54,7.7861904761904762
1981,Copenhagen,7.80,7.7862500000000000
1982,Copenhagen,8.55,7.7895278969957082
1983,Copenhagen,8.89,7.7942307692307692
1984,Copenhagen,8.36,7.7966382978723404
1985,Copenhagen,6.99,7.7932203389830508
1986,Copenhagen,7.52,7.7920675105485232
1987,Copenhagen,6.98,7.7886554621848739
1988,Copenhagen,8.91,7.7933472803347280
1989,Copenhagen,9.66,7.8011250000000000
1990,Copenhagen,9.83,7.8095435684647303
1991,Copenhagen,8.62,7.8128925619834711
1992,Copenhagen,9.47,7.8197119341563786
1993,Copenhagen,8.16,7.8211065573770492
1994,Copenhagen,9.15,7.8265306122448980
1995,Copenhagen,8.75,7.8302845528455285
1996,Copenhagen,7.31,7.8281781376518219
1997,Copenhagen,8.91,7.8325403225806452
1998,Copenhagen,8.65,7.8358232931726908
1999,Copenhagen,9.37,7.8419600000000000
2000,Copenhagen,9.67,7.8492430278884462
2001,Copenhagen,8.78,7.8529365079365079
2002,Copenhagen,9.54,7.8596047430830040
2003,Copenhagen,9.05,7.8642913385826772
2004,Copenhagen,9.00,7.8687450980392157
2005,Copenhagen,9.11,7.8735937500000000
2006,Copenhagen,9.74,7.8808560311284047
2007,Copenhagen,9.87,7.8885658914728682
2008,Copenhagen,9.82,7.8960231660231660
2009,Copenhagen,9.22,7.9011153846153846
2010,Copenhagen,7.54,7.8997318007662835
2011,Copenhagen,9.31,7.9051145038167939
2012,Copenhagen,8.70,7.9081368821292776
2013,Copenhagen,8.81,7.9115530303030303
1750,global,8.72,8.7200000000000000
1751,global,7.98,8.3500000000000000
1752,global,5.78,7.4933333333333333
1753,global,8.39,7.7175000000000000
1754,global,8.47,7.8680000000000000
1755,global,8.36,7.9500000000000000
1756,global,8.85,8.0785714285714286
1757,global,9.02,8.1962500000000000
1758,global,6.74,8.0344444444444444
1759,global,7.99,8.0300000000000000
1760,global,7.19,7.9536363636363636
1761,global,8.77,8.0216666666666667
1762,global,8.61,8.0669230769230769
1763,global,7.50,8.0264285714285714
1764,global,8.40,8.0513333333333333
1765,global,8.25,8.0637500000000000
1766,global,8.41,8.0841176470588235
1767,global,8.22,8.0916666666666667
1768,global,6.78,8.0226315789473684
1769,global,7.69,8.0060000000000000
1770,global,7.69,7.9909523809523810
1771,global,7.85,7.9845454545454545
1772,global,8.19,7.9934782608695652
1773,global,8.22,8.0029166666666667
1774,global,8.77,8.0336000000000000
1775,global,9.18,8.0776923076923077
1776,global,8.30,8.0859259259259259
1777,global,8.26,8.0921428571428571
1778,global,8.54,8.1075862068965517
1779,global,8.98,8.1366666666666667
1780,global,9.43,8.1783870967741935
1781,global,8.10,8.1759375000000000
1782,global,7.90,8.1675757575757576
1783,global,7.68,8.1532352941176471
1784,global,7.86,8.1448571428571429
1785,global,7.36,8.1230555555555556
1786,global,8.26,8.1267567567567568
1787,global,8.03,8.1242105263157895
1788,global,8.45,8.1325641025641026
1789,global,8.33,8.1375000000000000
1790,global,7.98,8.1336585365853659
1791,global,8.23,8.1359523809523810
1792,global,8.09,8.1348837209302326
1793,global,8.23,8.1370454545454545
1794,global,8.53,8.1457777777777778
1795,global,8.35,8.1502173913043478
1796,global,8.27,8.1527659574468085
1797,global,8.51,8.1602083333333333
1798,global,8.67,8.1706122448979592
1799,global,8.51,8.1774000000000000
1800,global,8.48,8.1833333333333333
1801,global,8.59,8.1911538461538462
1802,global,8.58,8.1984905660377358
1803,global,8.50,8.2040740740740741
1804,global,8.84,8.2156363636363636
1805,global,8.56,8.2217857142857143
1806,global,8.43,8.2254385964912281
1807,global,8.28,8.2263793103448276
1808,global,7.63,8.2162711864406780
1809,global,7.08,8.1973333333333333
1810,global,6.92,8.1763934426229508
1811,global,6.86,8.1551612903225806
1812,global,7.05,8.1376190476190476
1813,global,7.74,8.1314062500000000
1814,global,7.59,8.1230769230769231
1815,global,7.24,8.1096969696969697
1816,global,6.94,8.0922388059701493
1817,global,6.98,8.0758823529411765
1818,global,7.83,8.0723188405797101
1819,global,7.37,8.0622857142857143
1820,global,7.62,8.0560563380281690
1821,global,8.09,8.0565277777777778
1822,global,8.19,8.0583561643835616
1823,global,7.72,8.0537837837837838
1824,global,8.55,8.0604000000000000
1825,global,8.39,8.0647368421052632
1826,global,8.36,8.0685714285714286
1827,global,8.81,8.0780769230769231
1828,global,8.17,8.0792405063291139
1829,global,7.94,8.0775000000000000
1830,global,8.52,8.0829629629629630
1831,global,7.64,8.0775609756097561
1832,global,7.45,8.0700000000000000
1833,global,8.01,8.0692857142857143
1834,global,8.15,8.0702352941176471
1835,global,7.39,8.0623255813953488
1836,global,7.70,8.0581609195402299
1837,global,7.38,8.0504545454545455
1838,global,7.51,8.0443820224719101
1839,global,7.63,8.0397777777777778
1840,global,7.80,8.0371428571428571
1841,global,7.69,8.0333695652173913
1842,global,8.02,8.0332258064516129
1843,global,8.17,8.0346808510638298
1844,global,7.65,8.0306315789473684
1845,global,7.85,8.0287500000000000
1846,global,8.55,8.0341237113402062
1847,global,8.09,8.0346938775510204
1848,global,7.98,8.0341414141414141
1849,global,7.98,8.0336000000000000
1850,global,7.90,8.0322772277227723
1851,global,8.18,8.0337254901960784
1852,global,8.10,8.0343689320388350
1853,global,8.04,8.0344230769230769
1854,global,8.21,8.0360952380952381
1855,global,8.11,8.0367924528301887
1856,global,8.00,8.0364485981308411
1857,global,7.76,8.0338888888888889
1858,global,8.10,8.0344954128440367
1859,global,8.25,8.0364545454545455
1860,global,7.96,8.0357657657657658
1861,global,7.85,8.0341071428571429
1862,global,7.56,8.0299115044247788
1863,global,8.11,8.0306140350877193
1864,global,7.98,8.0301739130434783
1865,global,8.18,8.0314655172413793
1866,global,8.29,8.0336752136752137
1867,global,8.44,8.0371186440677966
1868,global,8.25,8.0389075630252101
1869,global,8.43,8.0421666666666667
1870,global,8.20,8.0434710743801653
1871,global,8.12,8.0440983606557377
1872,global,8.19,8.0452845528455285
1873,global,8.35,8.0477419354838710
1874,global,8.43,8.0508000000000000
1875,global,7.86,8.0492857142857143
1876,global,8.08,8.0495275590551181
1877,global,8.54,8.0533593750000000
1878,global,8.83,8.0593798449612403
1879,global,8.17,8.0602307692307692
1880,global,8.12,8.0606870229007634
1881,global,8.27,8.0622727272727273
1882,global,8.13,8.0627819548872180
1883,global,7.98,8.0621641791044776
1884,global,7.77,8.0600000000000000
1885,global,7.92,8.0589705882352941
1886,global,7.95,8.0581751824817518
1887,global,7.91,8.0571014492753623
1888,global,8.09,8.0573381294964029
1889,global,8.32,8.0592142857142857
1890,global,7.97,8.0585815602836879
1891,global,8.02,8.0583098591549296
1892,global,8.07,8.0583916083916084
1893,global,8.06,8.0584027777777778
1894,global,8.16,8.0591034482758621
1895,global,8.15,8.0597260273972603
1896,global,8.21,8.0607482993197279
1897,global,8.29,8.0622972972972973
1898,global,8.18,8.0630872483221477
1899,global,8.40,8.0653333333333333
1900,global,8.50,8.0682119205298013
1901,global,8.54,8.0713157894736842
1902,global,8.30,8.0728104575163399
1903,global,8.22,8.0737662337662338
1904,global,8.09,8.0738709677419355
1905,global,8.23,8.0748717948717949
1906,global,8.38,8.0768152866242038
1907,global,7.95,8.0760126582278481
1908,global,8.19,8.0767295597484277
1909,global,8.18,8.0773750000000000
1910,global,8.22,8.0782608695652174
1911,global,8.18,8.0788888888888889
1912,global,8.17,8.0794478527607362
1913,global,8.30,8.0807926829268293
1914,global,8.59,8.0838787878787879
1915,global,8.59,8.0869277108433735
1916,global,8.23,8.0877844311377246
1917,global,8.02,8.0873809523809524
1918,global,8.13,8.0876331360946746
1919,global,8.38,8.0893529411764706
1920,global,8.36,8.0909356725146199
1921,global,8.57,8.0937209302325581
1922,global,8.41,8.0955491329479769
1923,global,8.42,8.0974137931034483
1924,global,8.51,8.0997714285714286
1925,global,8.53,8.1022159090909091
1926,global,8.73,8.1057627118644068
1927,global,8.52,8.1080898876404494
1928,global,8.63,8.1110055865921788
1929,global,8.24,8.1117222222222222
1930,global,8.63,8.1145856353591160
1931,global,8.72,8.1179120879120879
1932,global,8.71,8.1211475409836066
1933,global,8.34,8.1223369565217391
1934,global,8.63,8.1250810810810811
1935,global,8.52,8.1272043010752688
1936,global,8.55,8.1294652406417112
1937,global,8.70,8.1325000000000000
1938,global,8.86,8.1363492063492063
1939,global,8.76,8.1396315789473684
1940,global,8.76,8.1428795811518325
1941,global,8.77,8.1461458333333333
1942,global,8.73,8.1491709844559585
1943,global,8.76,8.1523195876288660
1944,global,8.85,8.1558974358974359
1945,global,8.58,8.1580612244897959
1946,global,8.68,8.1607106598984772
1947,global,8.80,8.1639393939393939
1948,global,8.75,8.1668844221105528
1949,global,8.59,8.1690000000000000
1950,global,8.37,8.1700000000000000
1951,global,8.63,8.1722772277227723
1952,global,8.64,8.1745812807881773
1953,global,8.87,8.1779901960784314
1954,global,8.56,8.1798536585365854
1955,global,8.63,8.1820388349514563
1956,global,8.28,8.1825120772946860
1957,global,8.73,8.1851442307692308
1958,global,8.77,8.1879425837320574
1959,global,8.73,8.1905238095238095
1960,global,8.58,8.1923696682464455
1961,global,8.80,8.1952358490566038
1962,global,8.75,8.1978403755868545
1963,global,8.86,8.2009345794392523
1964,global,8.41,8.2019069767441860
1965,global,8.53,8.2034259259259259
1966,global,8.60,8.2052534562211982
1967,global,8.70,8.2075229357798165
1968,global,8.52,8.2089497716894977
1969,global,8.60,8.2107272727272727
1970,global,8.70,8.2129411764705882
1971,global,8.60,8.2146846846846847
1972,global,8.50,8.2159641255605381
1973,global,8.95,8.2192410714285714
1974,global,8.47,8.2203555555555556
1975,global,8.74,8.2226548672566372
1976,global,8.35,8.2232158590308370
1977,global,8.85,8.2259649122807018
1978,global,8.69,8.2279912663755459
1979,global,8.73,8.2301739130434783
1980,global,8.98,8.2334199134199134
1981,global,9.17,8.2374568965517241
1982,global,8.64,8.2391845493562232
1983,global,9.03,8.2425641025641026
1984,global,8.69,8.2444680851063830
1985,global,8.66,8.2462288135593220
1986,global,8.83,8.2486919831223629
1987,global,8.99,8.2518067226890756
1988,global,9.20,8.2557740585774059
1989,global,8.92,8.2585416666666667
1990,global,9.23,8.2625726141078838
1991,global,9.18,8.2663636363636364
1992,global,8.84,8.2687242798353909
1993,global,8.87,8.2711885245901639
1994,global,9.04,8.2743265306122449
1995,global,9.35,8.2786991869918699
1996,global,9.04,8.2817813765182186
1997,global,9.20,8.2854838709677419
1998,global,9.52,8.2904417670682731
1999,global,9.29,8.2944400000000000
2000,global,9.20,8.2980478087649402
2001,global,9.41,8.3024603174603175
2002,global,9.57,8.3074703557312253
2003,global,9.53,8.3122834645669291
2004,global,9.32,8.3162352941176471
2005,global,9.70,8.3216406250000000
2006,global,9.53,8.3263424124513619
2007,global,9.73,8.3317829457364341
2008,global,9.43,8.3360231660231660
2009,global,9.51,8.3405384615384615
2010,global,9.70,8.3457471264367816
2011,global,9.52,8.3502290076335878
2012,global,9.51,8.3546387832699620
2013,global,9.61,8.3593939393939394
2014,global,9.57,8.3639622641509434
2015,global,9.83,8.3694736842105263
1857,Johannesburg,14.25,14.2500000000000000
1858,Johannesburg,14.55,14.4000000000000000
1859,Johannesburg,14.62,14.4733333333333333
1860,Johannesburg,14.75,14.5425000000000000
1861,Johannesburg,14.57,14.5480000000000000
1862,Johannesburg,14.17,14.4850000000000000
1863,Johannesburg,14.58,14.4985714285714286
1864,Johannesburg,14.58,14.5087500000000000
1865,Johannesburg,14.91,14.5533333333333333
1866,Johannesburg,14.83,14.5810000000000000
1867,Johannesburg,14.92,14.6118181818181818
1868,Johannesburg,14.58,14.6091666666666667
1869,Johannesburg,14.92,14.6330769230769231
1870,Johannesburg,14.60,14.6307142857142857
1871,Johannesburg,14.70,14.6353333333333333
1872,Johannesburg,14.70,14.6393750000000000
1873,Johannesburg,13.91,14.5964705882352941
1874,Johannesburg,14.72,14.6033333333333333
1875,Johannesburg,14.45,14.5952631578947368
1876,Johannesburg,14.45,14.5880000000000000
1877,Johannesburg,14.93,14.6042857142857143
1878,Johannesburg,14.85,14.6154545454545455
1879,Johannesburg,14.37,14.6047826086956522
1880,Johannesburg,15.00,14.6212500000000000
1881,Johannesburg,14.67,14.6232000000000000
1882,Johannesburg,14.47,14.6173076923076923
1883,Johannesburg,14.69,14.6200000000000000
1884,Johannesburg,14.38,14.6114285714285714
1885,Johannesburg,14.76,14.6165517241379310
1886,Johannesburg,14.88,14.6253333333333333
1887,Johannesburg,14.44,14.6193548387096774
1888,Johannesburg,14.79,14.6246875000000000
1889,Johannesburg,15.23,14.6430303030303030
1890,Johannesburg,14.67,14.6438235294117647
1891,Johannesburg,14.73,14.6462857142857143
1892,Johannesburg,14.78,14.6500000000000000
1893,Johannesburg,14.48,14.6454054054054054
1894,Johannesburg,14.55,14.6428947368421053
1895,Johannesburg,14.71,14.6446153846153846
1896,Johannesburg,15.29,14.6607500000000000
1897,Johannesburg,14.82,14.6646341463414634
1898,Johannesburg,14.22,14.6540476190476190
1899,Johannesburg,14.59,14.6525581395348837
1900,Johannesburg,15.13,14.6634090909090909
1901,Johannesburg,14.56,14.6611111111111111
1902,Johannesburg,14.49,14.6573913043478261
1903,Johannesburg,14.68,14.6578723404255319
1904,Johannesburg,14.35,14.6514583333333333
1905,Johannesburg,14.66,14.6516326530612245
1906,Johannesburg,14.36,14.6458000000000000
1907,Johannesburg,14.27,14.6384313725490196
1908,Johannesburg,14.80,14.6415384615384615
1909,Johannesburg,14.77,14.6439622641509434
1910,Johannesburg,14.19,14.6355555555555556
1911,Johannesburg,14.57,14.6343636363636364
1912,Johannesburg,15.16,14.6437500000000000
1913,Johannesburg,15.18,14.6531578947368421
1914,Johannesburg,15.33,14.6648275862068966
1915,Johannesburg,14.78,14.6667796610169492
1916,Johannesburg,14.95,14.6715000000000000
1917,Johannesburg,14.21,14.6639344262295082
1918,Johannesburg,14.50,14.6612903225806452
1919,Johannesburg,15.11,14.6684126984126984
1920,Johannesburg,15.13,14.6756250000000000
1921,Johannesburg,14.49,14.6727692307692308
1922,Johannesburg,15.27,14.6818181818181818
1923,Johannesburg,15.42,14.6928358208955224
1924,Johannesburg,14.40,14.6885294117647059
1925,Johannesburg,14.78,14.6898550724637681
1926,Johannesburg,15.26,14.6980000000000000
1927,Johannesburg,15.18,14.7047887323943662
1928,Johannesburg,15.16,14.7111111111111111
1929,Johannesburg,15.17,14.7173972602739726
1930,Johannesburg,14.75,14.7178378378378378
1931,Johannesburg,15.17,14.7238666666666667
1932,Johannesburg,15.40,14.7327631578947368
1933,Johannesburg,15.21,14.7389610389610390
1934,Johannesburg,15.17,14.7444871794871795
1935,Johannesburg,14.56,14.7421518987341772
1936,Johannesburg,14.67,14.7412500000000000
1937,Johannesburg,15.08,14.7454320987654321
1938,Johannesburg,15.28,14.7519512195121951
1939,Johannesburg,14.57,14.7497590361445783
1940,Johannesburg,15.32,14.7565476190476190
1941,Johannesburg,15.90,14.7700000000000000
1942,Johannesburg,15.30,14.7761627906976744
1943,Johannesburg,14.67,14.7749425287356322
1944,Johannesburg,15.26,14.7804545454545455
1945,Johannesburg,15.18,14.7849438202247191
1946,Johannesburg,15.33,14.7910000000000000
1947,Johannesburg,15.33,14.7969230769230769
1948,Johannesburg,15.14,14.8006521739130435
1949,Johannesburg,15.35,14.8065591397849462
1950,Johannesburg,15.35,14.8123404255319149
1951,Johannesburg,14.88,14.8130526315789474
1952,Johannesburg,15.27,14.8178125000000000
1953,Johannesburg,14.76,14.8172164948453608
1954,Johannesburg,14.91,14.8181632653061224
1955,Johannesburg,14.44,14.8143434343434343
1956,Johannesburg,15.14,14.8176000000000000
1957,Johannesburg,15.27,14.8220792079207921
1958,Johannesburg,15.54,14.8291176470588235
1959,Johannesburg,15.07,14.8314563106796117
1960,Johannesburg,15.14,14.8344230769230769
1961,Johannesburg,15.39,14.8397142857142857
1962,Johannesburg,15.57,14.8466037735849057
1963,Johannesburg,15.09,14.8488785046728972
1964,Johannesburg,15.15,14.8516666666666667
1965,Johannesburg,15.28,14.8555963302752294
1966,Johannesburg,15.64,14.8627272727272727
1967,Johannesburg,14.88,14.8628828828828829
1968,Johannesburg,15.09,14.8649107142857143
1969,Johannesburg,15.66,14.8719469026548673
1970,Johannesburg,15.83,14.8803508771929825
1971,Johannesburg,15.15,14.8826956521739130
1972,Johannesburg,15.31,14.8863793103448276
1973,Johannesburg,15.34,14.8902564102564103
1974,Johannesburg,14.93,14.8905932203389831
1975,Johannesburg,14.99,14.8914285714285714
1976,Johannesburg,14.62,14.8891666666666667
1977,Johannesburg,15.57,14.8947933884297521
1978,Johannesburg,15.30,14.8981147540983607
1979,Johannesburg,15.65,14.9042276422764228
1980,Johannesburg,15.08,14.9056451612903226
1981,Johannesburg,14.81,14.9048800000000000
1982,Johannesburg,15.69,14.9111111111111111
1983,Johannesburg,16.17,14.9210236220472441
1984,Johannesburg,15.68,14.9269531250000000
1985,Johannesburg,15.81,14.9337984496124031
1986,Johannesburg,15.72,14.9398461538461538
1987,Johannesburg,15.85,14.9467938931297710
1988,Johannesburg,15.43,14.9504545454545455
1989,Johannesburg,15.14,14.9518796992481203
1990,Johannesburg,15.56,14.9564179104477612
1991,Johannesburg,15.56,14.9608888888888889
1992,Johannesburg,16.48,14.9720588235294118
1993,Johannesburg,16.01,14.9796350364963504
1994,Johannesburg,15.10,14.9805072463768116
1995,Johannesburg,15.77,14.9861870503597122
1996,Johannesburg,15.23,14.9879285714285714
1997,Johannesburg,15.38,14.9907092198581560
1998,Johannesburg,16.11,14.9985915492957746
1999,Johannesburg,16.09,15.0062237762237762
2000,Johannesburg,15.13,15.0070833333333333
2001,Johannesburg,15.68,15.0117241379310345
2002,Johannesburg,15.88,15.0176712328767123
2003,Johannesburg,16.34,15.0266666666666667
2004,Johannesburg,15.49,15.0297972972972973
2005,Johannesburg,16.29,15.0382550335570470
2006,Johannesburg,15.26,15.0397333333333333
2007,Johannesburg,15.90,15.0454304635761589
2008,Johannesburg,15.75,15.0500657894736842
2009,Johannesburg,15.44,15.0526143790849673
2010,Johannesburg,16.11,15.0594805194805195
2011,Johannesburg,15.49,15.0622580645161290
2012,Johannesburg,15.89,15.0675641025641026
2013,Johannesburg,14.98,15.0670063694267516
1845,Manila,25.51,25.5100000000000000
1846,Manila,26.41,25.9600000000000000
1847,Manila,25.88,25.9333333333333333
1848,Manila,25.68,25.8700000000000000
1849,Manila,25.92,25.8800000000000000
1850,Manila,25.92,25.8866666666666667
1851,Manila,26.09,25.9157142857142857
1852,Manila,26.02,25.9287500000000000
1853,Manila,26.21,25.9600000000000000
1854,Manila,26.33,25.9970000000000000
1855,Manila,26.06,26.0027272727272727
1856,Manila,25.65,25.9733333333333333
1857,Manila,25.81,25.9607692307692308
1858,Manila,25.95,25.9600000000000000
1859,Manila,26.09,25.9686666666666667
1860,Manila,26.01,25.9712500000000000
1861,Manila,25.84,25.9635294117647059
1862,Manila,25.35,25.9294444444444444
1863,Manila,25.89,25.9273684210526316
1864,Manila,25.73,25.9175000000000000
1865,Manila,26.27,25.9342857142857143
1866,Manila,26.11,25.9422727272727273
1867,Manila,26.36,25.9604347826086957
1868,Manila,26.42,25.9795833333333333
1869,Manila,26.37,25.9952000000000000
1870,Manila,26.25,26.0050000000000000
1871,Manila,26.14,26.0100000000000000
1872,Manila,26.28,26.0196428571428571
1873,Manila,26.18,26.0251724137931034
1874,Manila,26.41,26.0380000000000000
1875,Manila,25.96,26.0354838709677419
1876,Manila,25.73,26.0259375000000000
1877,Manila,26.45,26.0387878787878788
1878,Manila,26.62,26.0558823529411765
1879,Manila,26.14,26.0582857142857143
1880,Manila,25.86,26.0527777777777778
1881,Manila,25.90,26.0486486486486486
1882,Manila,26.03,26.0481578947368421
1883,Manila,25.93,26.0451282051282051
1884,Manila,25.44,26.0300000000000000
1885,Manila,25.77,26.0236585365853659
1886,Manila,25.43,26.0095238095238095
1887,Manila,25.60,26.0000000000000000
1888,Manila,26.31,26.0070454545454545
1889,Manila,26.25,26.0124444444444444
1890,Manila,25.94,26.0108695652173913
1891,Manila,25.97,26.0100000000000000
1892,Manila,25.75,26.0045833333333333
1893,Manila,25.73,25.9989795918367347
1894,Manila,25.87,25.9964000000000000
1895,Manila,25.87,25.9939215686274510
1896,Manila,26.03,25.9946153846153846
1897,Manila,26.54,26.0049056603773585
1898,Manila,26.19,26.0083333333333333
1899,Manila,25.92,26.0067272727272727
1900,Manila,26.21,26.0103571428571429
1901,Manila,25.99,26.0100000000000000
1902,Manila,26.15,26.0124137931034483
1903,Manila,26.36,26.0183050847457627
1904,Manila,25.78,26.0143333333333333
1905,Manila,25.93,26.0129508196721311
1906,Manila,26.13,26.0148387096774194
1907,Manila,26.22,26.0180952380952381
1908,Manila,26.28,26.0221875000000000
1909,Manila,26.33,26.0269230769230769
1910,Manila,26.24,26.0301515151515152
1911,Manila,26.02,26.0300000000000000
1912,Manila,26.56,26.0377941176470588
1913,Manila,26.23,26.0405797101449275
1914,Manila,26.52,26.0474285714285714
1915,Manila,26.94,26.0600000000000000
1916,Manila,26.24,26.0625000000000000
1917,Manila,26.14,26.0635616438356164
1918,Manila,25.83,26.0604054054054054
1919,Manila,26.51,26.0664000000000000
1920,Manila,26.34,26.0700000000000000
1921,Manila,26.38,26.0740259740259740
1922,Manila,26.51,26.0796153846153846
1923,Manila,25.98,26.0783544303797468
1924,Manila,26.34,26.0816250000000000
1925,Manila,26.10,26.0818518518518519
1926,Manila,26.35,26.0851219512195122
1927,Manila,26.42,26.0891566265060241
1928,Manila,26.34,26.0921428571428571
1929,Manila,26.14,26.0927058823529412
1930,Manila,26.37,26.0959302325581395
1931,Manila,26.55,26.1011494252873563
1932,Manila,26.19,26.1021590909090909
1933,Manila,26.29,26.1042696629213483
1934,Manila,25.85,26.1014444444444444
1935,Manila,26.16,26.1020879120879121
1936,Manila,26.39,26.1052173913043478
1937,Manila,26.51,26.1095698924731183
1938,Manila,26.46,26.1132978723404255
1939,Manila,26.35,26.1157894736842105
1940,Manila,26.49,26.1196875000000000
1941,Manila,26.90,26.1277319587628866
1942,Manila,26.55,26.1320408163265306
1943,Manila,26.34,26.1341414141414141
1944,Manila,26.42,26.1370000000000000
1945,Manila,26.23,26.1379207920792079
1946,Manila,26.76,26.1440196078431373
1947,Manila,26.52,26.1476699029126214
1948,Manila,26.39,26.1500000000000000
1949,Manila,26.63,26.1545714285714286
1950,Manila,26.61,26.1588679245283019
1951,Manila,26.78,26.1646728971962617
1952,Manila,26.94,26.1718518518518519
1953,Manila,26.93,26.1788073394495413
1954,Manila,26.90,26.1853636363636364
1955,Manila,26.63,26.1893693693693694
1956,Manila,26.69,26.1938392857142857
1957,Manila,26.94,26.2004424778761062
1958,Manila,26.90,26.2065789473684211
1959,Manila,27.00,26.2134782608695652
1960,Manila,26.91,26.2194827586206897
1961,Manila,26.85,26.2248717948717949
1962,Manila,26.79,26.2296610169491525
1963,Manila,26.49,26.2318487394957983
1964,Manila,26.83,26.2368333333333333
1965,Manila,26.63,26.2400826446280992
1966,Manila,27.06,26.2468032786885246
1967,Manila,26.52,26.2490243902439024
1968,Manila,26.66,26.2523387096774194
1969,Manila,27.11,26.2592000000000000
1970,Manila,27.11,26.2659523809523810
1971,Manila,26.48,26.2676377952755906
1972,Manila,26.73,26.2712500000000000
1973,Manila,27.17,26.2782170542635659
1974,Manila,26.72,26.2816153846153846
1975,Manila,26.83,26.2858015267175573
1976,Manila,26.53,26.2876515151515152
1977,Manila,26.87,26.2920300751879699
1978,Manila,26.55,26.2939552238805970
1979,Manila,26.84,26.2980000000000000
1980,Manila,27.02,26.3033088235294118
1981,Manila,26.79,26.3068613138686131
1982,Manila,26.77,26.3102173913043478
1983,Manila,27.21,26.3166906474820144
1984,Manila,26.77,26.3199285714285714
1985,Manila,26.95,26.3243971631205674
1986,Manila,26.79,26.3276760563380282
1987,Manila,27.39,26.3351048951048951
1988,Manila,27.42,26.3426388888888889
1989,Manila,26.73,26.3453103448275862
1990,Manila,26.85,26.3487671232876712
1991,Manila,26.69,26.3510884353741497
1992,Manila,26.72,26.3535810810810811
1993,Manila,26.87,26.3570469798657718
1994,Manila,26.89,26.3606000000000000
1995,Manila,26.80,26.3635099337748344
1996,Manila,26.95,26.3673684210526316
1997,Manila,26.99,26.3714379084967320
1998,Manila,27.80,26.3807142857142857
1999,Manila,27.07,26.3851612903225806
2000,Manila,27.02,26.3892307692307692
2001,Manila,27.17,26.3942038216560510
2002,Manila,27.10,26.3986708860759494
2003,Manila,27.07,26.4028930817610063
2004,Manila,27.09,26.4071875000000000
2005,Manila,27.12,26.4116149068322981
2006,Manila,27.23,26.4166666666666667
2007,Manila,27.21,26.4215337423312883
2008,Manila,26.94,26.4246951219512195
2009,Manila,26.92,26.4276969696969697
2010,Manila,27.49,26.4340963855421687
2011,Manila,26.82,26.4364071856287425
2012,Manila,27.34,26.4417857142857143
2013,Manila,27.87,26.4502366863905325
1750,Moscow,4.84,4.8400000000000000
1751,Moscow,5.07,4.9550000000000000
1752,Moscow,-2.08,2.6100000000000000
1753,Moscow,3.87,2.9250000000000000
1754,Moscow,4.07,3.1540000000000000
1755,Moscow,3.99,3.2933333333333333
1756,Moscow,4.51,3.4671428571428571
1757,Moscow,4.66,3.6162500000000000
1758,Moscow,2.22,3.4611111111111111
1759,Moscow,3.45,3.4600000000000000
1760,Moscow,2.41,3.3645454545454545
1761,Moscow,4.14,3.4291666666666667
1762,Moscow,4.10,3.4807692307692308
1763,Moscow,2.91,3.4400000000000000
1764,Moscow,4.35,3.5006666666666667
1765,Moscow,4.30,3.5506250000000000
1766,Moscow,4.23,3.5905882352941176
1767,Moscow,4.05,3.6161111111111111
1768,Moscow,2.72,3.5689473684210526
1769,Moscow,3.85,3.5830000000000000
1770,Moscow,3.97,3.6014285714285714
1771,Moscow,3.23,3.5845454545454545
1772,Moscow,3.93,3.5995652173913043
1773,Moscow,4.79,3.6491666666666667
1774,Moscow,4.47,3.6820000000000000
1775,Moscow,5.29,3.7438461538461538
1776,Moscow,4.16,3.7592592592592593
1777,Moscow,3.78,3.7600000000000000
1778,Moscow,4.26,3.7772413793103448
1779,Moscow,4.99,3.8176666666666667
1780,Moscow,3.90,3.8203225806451613
1781,Moscow,3.92,3.8234375000000000
1782,Moscow,3.33,3.8084848484848485
1783,Moscow,3.89,3.8108823529411765
1784,Moscow,3.85,3.8120000000000000
1785,Moscow,2.65,3.7797222222222222
1786,Moscow,3.38,3.7689189189189189
1787,Moscow,4.14,3.7786842105263158
1788,Moscow,3.31,3.7666666666666667
1789,Moscow,4.60,3.7875000000000000
1790,Moscow,3.78,3.7873170731707317
1791,Moscow,4.80,3.8114285714285714
1792,Moscow,3.85,3.8123255813953488
1793,Moscow,4.32,3.8238636363636364
1794,Moscow,4.99,3.8497777777777778
1795,Moscow,4.05,3.8541304347826087
1796,Moscow,4.11,3.8595744680851064
1797,Moscow,5.19,3.8872916666666667
1798,Moscow,4.59,3.9016326530612245
1799,Moscow,3.35,3.8906000000000000
1800,Moscow,3.80,3.8888235294117647
1801,Moscow,4.74,3.9051923076923077
1802,Moscow,4.48,3.9160377358490566
1803,Moscow,3.35,3.9055555555555556
1804,Moscow,3.92,3.9058181818181818
1805,Moscow,3.65,3.9012500000000000
1806,Moscow,4.18,3.9061403508771930
1807,Moscow,4.15,3.9103448275862069
1808,Moscow,3.21,3.8984745762711864
1809,Moscow,1.90,3.8651666666666667
1810,Moscow,2.09,3.8360655737704918
1811,Moscow,3.21,3.8259677419354839
1812,Moscow,2.40,3.8033333333333333
1813,Moscow,3.45,3.7978125000000000
1814,Moscow,2.79,3.7823076923076923
1815,Moscow,2.82,3.7677272727272727
1816,Moscow,3.23,3.7597014925373134
1817,Moscow,3.17,3.7510294117647059
1818,Moscow,4.11,3.7562318840579710
1819,Moscow,3.39,3.7510000000000000
1820,Moscow,3.12,3.7421126760563380
1821,Moscow,3.88,3.7440277777777778
1822,Moscow,5.01,3.7613698630136986
1823,Moscow,3.99,3.7644594594594595
1824,Moscow,4.98,3.7806666666666667
1825,Moscow,3.60,3.7782894736842105
1826,Moscow,4.84,3.7920779220779221
1827,Moscow,4.37,3.7994871794871795
1828,Moscow,2.78,3.7865822784810127
1829,Moscow,2.45,3.7698750000000000
1830,Moscow,3.64,3.7682716049382716
1831,Moscow,3.50,3.7650000000000000
1832,Moscow,2.62,3.7512048192771084
1833,Moscow,3.93,3.7533333333333333
1834,Moscow,3.86,3.7545882352941176
1835,Moscow,2.89,3.7445348837209302
1836,Moscow,4.03,3.7478160919540230
1837,Moscow,2.97,3.7389772727272727
1838,Moscow,2.85,3.7289887640449438
1839,Moscow,3.49,3.7263333333333333
1840,Moscow,2.46,3.7124175824175824
1841,Moscow,4.46,3.7205434782608696
1842,Moscow,3.51,3.7182795698924731
1843,Moscow,4.81,3.7298936170212766
1844,Moscow,3.00,3.7222105263157895
1845,Moscow,2.93,3.7139583333333333
1846,Moscow,3.76,3.7144329896907216
1847,Moscow,4.02,3.7175510204081633
1848,Moscow,4.44,3.7248484848484848
1849,Moscow,3.18,3.7194000000000000
1850,Moscow,3.53,3.7175247524752475
1851,Moscow,4.52,3.7253921568627451
1852,Moscow,3.05,3.7188349514563107
1853,Moscow,3.87,3.7202884615384615
1854,Moscow,4.36,3.7263809523809524
1855,Moscow,3.44,3.7236792452830189
1856,Moscow,3.08,3.7176635514018692
1857,Moscow,3.81,3.7185185185185185
1858,Moscow,3.88,3.7200000000000000
1859,Moscow,4.99,3.7315454545454545
1860,Moscow,3.66,3.7309009009009009
1861,Moscow,3.25,3.7266071428571429
1862,Moscow,1.58,3.7076106194690265
1863,Moscow,5.41,3.7225438596491228
1864,Moscow,3.21,3.7180869565217391
1865,Moscow,3.27,3.7142241379310345
1866,Moscow,4.31,3.7193162393162393
1867,Moscow,2.29,3.7072033898305085
1868,Moscow,3.78,3.7078151260504202
1869,Moscow,5.04,3.7189166666666667
1870,Moscow,2.67,3.7102479338842975
1871,Moscow,2.25,3.6982786885245902
1872,Moscow,5.08,3.7095121951219512
1873,Moscow,4.13,3.7129032258064516
1874,Moscow,4.36,3.7180800000000000
1875,Moscow,1.50,3.7004761904761905
1876,Moscow,3.02,3.6951181102362205
1877,Moscow,3.13,3.6907031250000000
1878,Moscow,5.13,3.7018604651162791
1879,Moscow,3.56,3.7007692307692308
1880,Moscow,3.24,3.6972519083969466
1881,Moscow,2.84,3.6907575757575758
1882,Moscow,4.96,3.7003007518796992
1883,Moscow,4.03,3.7027611940298507
1884,Moscow,3.34,3.7000740740740741
1885,Moscow,4.00,3.7022794117647059
1886,Moscow,3.99,3.7043795620437956
1887,Moscow,4.43,3.7096376811594203
1888,Moscow,2.26,3.6992086330935252
1889,Moscow,3.57,3.6982857142857143
1890,Moscow,4.63,3.7048936170212766
1891,Moscow,3.97,3.7067605633802817
1892,Moscow,3.31,3.7039860139860140
1893,Moscow,2.60,3.6963194444444444
1894,Moscow,4.01,3.6984827586206897
1895,Moscow,3.66,3.6982191780821918
1896,Moscow,3.44,3.6964625850340136
1897,Moscow,4.49,3.7018243243243243
1898,Moscow,4.04,3.7040939597315436
1899,Moscow,3.76,3.7044666666666667
1900,Moscow,3.27,3.7015894039735099
1901,Moscow,4.57,3.7073026315789474
1902,Moscow,2.67,3.7005228758169935
1903,Moscow,5.24,3.7105194805194805
1904,Moscow,3.31,3.7079354838709677
1905,Moscow,4.54,3.7132692307692308
1906,Moscow,5.06,3.7218471337579618
1907,Moscow,2.39,3.7134177215189873
1908,Moscow,2.56,3.7061635220125786
1909,Moscow,3.76,3.7065000000000000
1910,Moscow,5.03,3.7147204968944099
1911,Moscow,3.39,3.7127160493827160
1912,Moscow,3.14,3.7092024539877301
1913,Moscow,4.82,3.7159756097560976
1914,Moscow,4.57,3.7211515151515152
1915,Moscow,3.52,3.7199397590361446
1916,Moscow,4.07,3.7220359281437126
1917,Moscow,3.28,3.7194047619047619
1918,Moscow,4.05,3.7213609467455621
1919,Moscow,3.19,3.7182352941176471
1920,Moscow,4.64,3.7236257309941520
1921,Moscow,4.33,3.7271511627906977
1922,Moscow,4.01,3.7287861271676301
1923,Moscow,3.94,3.7300000000000000
1924,Moscow,3.67,3.7296571428571429
1925,Moscow,5.39,3.7390909090909091
1926,Moscow,3.37,3.7370056497175141
1927,Moscow,3.50,3.7356741573033708
1928,Moscow,3.30,3.7332402234636872
1929,Moscow,3.01,3.7292222222222222
1930,Moscow,4.55,3.7337569060773481
1931,Moscow,3.28,3.7312637362637363
1932,Moscow,5.10,3.7387431693989071
1933,Moscow,2.72,3.7332065217391304
1934,Moscow,5.26,3.7414594594594595
1935,Moscow,4.56,3.7458602150537634
1936,Moscow,5.36,3.7544919786096257
1937,Moscow,5.16,3.7619680851063830
1938,Moscow,5.92,3.7733862433862434
1939,Moscow,4.63,3.7778947368421053
1940,Moscow,3.16,3.7746596858638743
1941,Moscow,1.67,3.7636979166666667
1942,Moscow,2.09,3.7550259067357513
1943,Moscow,4.63,3.7595360824742268
1944,Moscow,4.76,3.7646666666666667
1945,Moscow,2.94,3.7604591836734694
1946,Moscow,4.09,3.7621319796954315
1947,Moscow,3.77,3.7621717171717172
1948,Moscow,4.78,3.7672864321608040
1949,Moscow,5.27,3.7748000000000000
1950,Moscow,3.93,3.7755721393034826
1951,Moscow,3.99,3.7766336633663366
1952,Moscow,4.21,3.7787684729064039
1953,Moscow,4.00,3.7798529411764706
1954,Moscow,4.04,3.7811219512195122
1955,Moscow,3.71,3.7807766990291262
1956,Moscow,2.45,3.7743478260869565
1957,Moscow,5.38,3.7820673076923077
1958,Moscow,3.89,3.7825837320574163
1959,Moscow,4.30,3.7850476190476190
1960,Moscow,4.50,3.7884360189573460
1961,Moscow,5.28,3.7954716981132075
1962,Moscow,4.54,3.7989671361502347
1963,Moscow,3.17,3.7960280373831776
1964,Moscow,4.42,3.7989302325581395
1965,Moscow,3.35,3.7968518518518519
1966,Moscow,4.81,3.8015207373271889
1967,Moscow,4.55,3.8049541284403670
1968,Moscow,3.58,3.8039269406392694
1969,Moscow,2.47,3.7978636363636364
1970,Moscow,4.27,3.8000000000000000
1971,Moscow,4.37,3.8025675675675676
1972,Moscow,5.27,3.8091479820627803
1973,Moscow,4.48,3.8121428571428571
1974,Moscow,5.45,3.8194222222222222
1975,Moscow,6.01,3.8291150442477876
1976,Moscow,2.65,3.8239207048458150
1977,Moscow,4.43,3.8265789473684211
1978,Moscow,3.21,3.8238864628820961
1979,Moscow,4.37,3.8262608695652174
1980,Moscow,3.41,3.8244588744588745
1981,Moscow,5.67,3.8324137931034483
1982,Moscow,4.75,3.8363519313304721
1983,Moscow,5.65,3.8441025641025641
1984,Moscow,4.42,3.8465531914893617
1985,Moscow,3.30,3.8442372881355932
1986,Moscow,4.19,3.8456962025316456
1987,Moscow,2.49,3.8400000000000000
1988,Moscow,4.89,3.8443933054393305
1989,Moscow,6.63,3.8560000000000000
1990,Moscow,5.81,3.8641078838174274
1991,Moscow,5.62,3.8713636363636364
1992,Moscow,5.36,3.8774897119341564
1993,Moscow,4.15,3.8786065573770492
1994,Moscow,4.13,3.8796326530612245
1995,Moscow,5.88,3.8877642276422764
1996,Moscow,4.55,3.8904453441295547
1997,Moscow,4.56,3.8931451612903226
1998,Moscow,4.47,3.8954618473895582
1999,Moscow,5.94,3.9036400000000000
2000,Moscow,5.96,3.9118326693227092
2001,Moscow,5.32,3.9174206349206349
2002,Moscow,5.63,3.9241897233201581
2003,Moscow,4.99,3.9283858267716535
2004,Moscow,5.32,3.9338431372549020
2005,Moscow,5.54,3.9401171875000000
2006,Moscow,4.91,3.9438910505836576
2007,Moscow,6.43,3.9535271317829457
2008,Moscow,6.76,3.9643629343629344
2009,Moscow,5.69,3.9710000000000000
2010,Moscow,5.91,3.9784291187739464
2011,Moscow,6.01,3.9861832061068702
2012,Moscow,5.20,3.9907984790874525
2013,Moscow,6.80,4.0014393939393939
1750,Munich,5.40,5.4000000000000000
1751,Munich,5.54,5.4700000000000000
1752,Munich,0.53,3.8233333333333333
1753,Munich,4.61,4.0200000000000000
1754,Munich,4.33,4.0820000000000000
1755,Munich,4.05,4.0766666666666667
1756,Munich,4.64,4.1571428571428571
1757,Munich,4.30,4.1750000000000000
1758,Munich,3.83,4.1366666666666667
1759,Munich,4.89,4.2120000000000000
1760,Munich,5.02,4.2854545454545455
1761,Munich,4.94,4.3400000000000000
1762,Munich,4.49,4.3515384615384615
1763,Munich,4.25,4.3442857142857143
1764,Munich,4.82,4.3760000000000000
1765,Munich,4.52,4.3850000000000000
1766,Munich,4.28,4.3788235294117647
1767,Munich,3.85,4.3494444444444444
1768,Munich,3.84,4.3226315789473684
1769,Munich,4.43,4.3280000000000000
1770,Munich,4.36,4.3295238095238095
1771,Munich,4.19,4.3231818181818182
1772,Munich,5.81,4.3878260869565217
1773,Munich,4.76,4.4033333333333333
1774,Munich,4.43,4.4044000000000000
1775,Munich,5.03,4.4284615384615385
1776,Munich,4.21,4.4203703703703704
1777,Munich,4.28,4.4153571428571429
1778,Munich,5.21,4.4427586206896552
1779,Munich,5.53,4.4790000000000000
1780,Munich,4.71,4.4864516129032258
1781,Munich,5.48,4.5175000000000000
1782,Munich,3.96,4.5006060606060606
1783,Munich,5.22,4.5217647058823529
1784,Munich,3.67,4.4974285714285714
1785,Munich,3.35,4.4655555555555556
1786,Munich,3.71,4.4451351351351351
1787,Munich,4.83,4.4552631578947368
1788,Munich,4.69,4.4612820512820513
1789,Munich,4.26,4.4562500000000000
1790,Munich,4.91,4.4673170731707317
1791,Munich,5.09,4.4821428571428571
1792,Munich,4.77,4.4888372093023256
1793,Munich,5.06,4.5018181818181818
1794,Munich,5.54,4.5248888888888889
1795,Munich,4.59,4.5263043478260870
1796,Munich,4.65,4.5289361702127660
1797,Munich,5.55,4.5502083333333333
1798,Munich,4.81,4.5555102040816327
1799,Munich,3.26,4.5296000000000000
1800,Munich,5.02,4.5392156862745098
1801,Munich,5.31,4.5540384615384615
1802,Munich,5.07,4.5637735849056604
1803,Munich,4.20,4.5570370370370370
1804,Munich,4.80,4.5614545454545455
1805,Munich,3.09,4.5351785714285714
1806,Munich,5.40,4.5503508771929825
1807,Munich,5.05,4.5589655172413793
1808,Munich,3.58,4.5423728813559322
1809,Munich,4.61,4.5435000000000000
1810,Munich,4.72,4.5463934426229508
1811,Munich,5.70,4.5650000000000000
1812,Munich,3.39,4.5463492063492063
1813,Munich,3.87,4.5357812500000000
1814,Munich,3.46,4.5192307692307692
1815,Munich,4.01,4.5115151515151515
1816,Munich,2.96,4.4883582089552239
1817,Munich,4.21,4.4842647058823529
1818,Munich,4.66,4.4868115942028986
1819,Munich,4.97,4.4937142857142857
1820,Munich,3.88,4.4850704225352113
1821,Munich,4.59,4.4865277777777778
1822,Munich,5.85,4.5052054794520548
1823,Munich,4.22,4.5013513513513514
1824,Munich,4.89,4.5065333333333333
1825,Munich,5.07,4.5139473684210526
1826,Munich,4.81,4.5177922077922078
1827,Munich,4.71,4.5202564102564103
1828,Munich,5.02,4.5265822784810127
1829,Munich,2.79,4.5048750000000000
1830,Munich,3.90,4.4974074074074074
1831,Munich,4.82,4.5013414634146341
1832,Munich,4.25,4.4983132530120482
1833,Munich,4.45,4.4977380952380952
1834,Munich,5.72,4.5121176470588235
1835,Munich,4.07,4.5069767441860465
1836,Munich,4.40,4.5057471264367816
1837,Munich,3.68,4.4963636363636364
1838,Munich,3.29,4.4828089887640449
1839,Munich,4.66,4.4847777777777778
1840,Munich,3.66,4.4757142857142857
1841,Munich,5.16,4.4831521739130435
1842,Munich,4.09,4.4789247311827957
1843,Munich,4.48,4.4789361702127660
1844,Munich,4.03,4.4742105263157895
1845,Munich,3.73,4.4664583333333333
1846,Munich,5.54,4.4775257731958763
1847,Munich,3.90,4.4716326530612245
1848,Munich,4.61,4.4730303030303030
1849,Munich,4.37,4.4720000000000000
1850,Munich,3.84,4.4657425742574257
1851,Munich,3.66,4.4578431372549020
1852,Munich,5.02,4.4633009708737864
1853,Munich,3.69,4.4558653846153846
1854,Munich,4.08,4.4522857142857143
1855,Munich,3.52,4.4434905660377358
1856,Munich,4.30,4.4421495327102804
1857,Munich,4.41,4.4418518518518519
1858,Munich,3.63,4.4344036697247706
1859,Munich,5.07,4.4401818181818182
1860,Munich,3.41,4.4309009009009009
1861,Munich,4.62,4.4325892857142857
1862,Munich,5.39,4.4410619469026549
1863,Munich,5.35,4.4490350877192982
1864,Munich,3.26,4.4386956521739130
1865,Munich,4.75,4.4413793103448276
1866,Munich,5.01,4.4462393162393162
1867,Munich,4.44,4.4461864406779661
1868,Munich,5.54,4.4553781512605042
1869,Munich,4.69,4.4573333333333333
1870,Munich,3.57,4.4500000000000000
1871,Munich,3.53,4.4424590163934426
1872,Munich,5.51,4.4511382113821138
1873,Munich,4.77,4.4537096774193548
1874,Munich,4.18,4.4515200000000000
1875,Munich,3.96,4.4476190476190476
1876,Munich,4.64,4.4491338582677165
1877,Munich,4.79,4.4517968750000000
1878,Munich,4.26,4.4503100775193798
1879,Munich,3.53,4.4432307692307692
1880,Munich,4.74,4.4454961832061069
1881,Munich,4.24,4.4439393939393939
1882,Munich,4.58,4.4449624060150376
1883,Munich,4.16,4.4428358208955224
1884,Munich,4.67,4.4445185185185185
1885,Munich,4.47,4.4447058823529412
1886,Munich,4.61,4.4459124087591241
1887,Munich,3.41,4.4384057971014493
1888,Munich,3.69,4.4330215827338129
1889,Munich,3.72,4.4279285714285714
1890,Munich,3.67,4.4225531914893617
1891,Munich,3.70,4.4174647887323944
1892,Munich,4.45,4.4176923076923077
1893,Munich,4.44,4.4178472222222222
1894,Munich,4.52,4.4185517241379310
1895,Munich,4.00,4.4156849315068493
1896,Munich,3.84,4.4117687074829932
1897,Munich,4.67,4.4135135135135135
1898,Munich,5.13,4.4183221476510067
1899,Munich,4.72,4.4203333333333333
1900,Munich,5.00,4.4241721854304636
1901,Munich,4.01,4.4214473684210526
1902,Munich,4.24,4.4202614379084967
1903,Munich,4.57,4.4212337662337662
1904,Munich,5.07,4.4254193548387097
1905,Munich,4.31,4.4246794871794872
1906,Munich,4.48,4.4250318471337580
1907,Munich,4.38,4.4247468354430380
1908,Munich,3.98,4.4219496855345912
1909,Munich,3.75,4.4177500000000000
1910,Munich,4.47,4.4180745341614907
1911,Munich,5.22,4.4230246913580247
1912,Munich,4.13,4.4212269938650307
1913,Munich,4.66,4.4226829268292683
1914,Munich,4.43,4.4227272727272727
1915,Munich,4.39,4.4225301204819277
1916,Munich,4.90,4.4253892215568862
1917,Munich,3.91,4.4223214285714286
1918,Munich,4.75,4.4242603550295858
1919,Munich,3.85,4.4208823529411765
1920,Munich,5.29,4.4259649122807018
1921,Munich,5.48,4.4320930232558140
1922,Munich,3.93,4.4291907514450867
1923,Munich,4.88,4.4317816091954023
1924,Munich,4.11,4.4299428571428571
1925,Munich,4.42,4.4298863636363636
1926,Munich,5.11,4.4337288135593220
1927,Munich,4.86,4.4361235955056180
1928,Munich,5.19,4.4403351955307263
1929,Munich,4.13,4.4386111111111111
1930,Munich,5.24,4.4430386740331492
1931,Munich,3.88,4.4399450549450549
1932,Munich,4.61,4.4408743169398907
1933,Munich,3.88,4.4378260869565217
1934,Munich,5.59,4.4440540540540541
1935,Munich,4.57,4.4447311827956989
1936,Munich,4.88,4.4470588235294118
1937,Munich,5.20,4.4510638297872340
1938,Munich,4.82,4.4530158730158730
1939,Munich,4.49,4.4532105263157895
1940,Munich,3.45,4.4479581151832461
1941,Munich,3.80,4.4445833333333333
1942,Munich,4.28,4.4437305699481865
1943,Munich,5.56,4.4494845360824742
1944,Munich,4.28,4.4486153846153846
1945,Munich,5.20,4.4524489795918367
1946,Munich,5.14,4.4559390862944162
1947,Munich,5.51,4.4612626262626263
1948,Munich,5.49,4.4664321608040201
1949,Munich,5.55,4.4718500000000000
1950,Munich,5.44,4.4766666666666667
1951,Munich,5.29,4.4806930693069307
1952,Munich,4.67,4.4816256157635468
1953,Munich,5.22,4.4852450980392157
1954,Munich,4.27,4.4841951219512195
1955,Munich,4.39,4.4837378640776699
1956,Munich,3.58,4.4793719806763285
1957,Munich,5.11,4.4824038461538462
1958,Munich,4.93,4.4845454545454545
1959,Munich,5.51,4.4894285714285714
1960,Munich,4.97,4.4917061611374408
1961,Munich,5.85,4.4981132075471698
1962,Munich,3.94,4.4954929577464789
1963,Munich,3.99,4.4931308411214953
1964,Munich,4.92,4.4951162790697674
1965,Munich,4.08,4.4931944444444444
1966,Munich,5.10,4.4959907834101382
1967,Munich,5.18,4.4991284403669725
1968,Munich,4.68,4.4999543378995434
1969,Munich,4.42,4.4995909090909091
1970,Munich,4.41,4.4991855203619910
1971,Munich,4.86,4.5008108108108108
1972,Munich,4.69,4.5016591928251121
1973,Munich,4.57,4.5019642857142857
1974,Munich,5.23,4.5052000000000000
1975,Munich,5.20,4.5082743362831858
1976,Munich,4.95,4.5102202643171806
1977,Munich,5.32,4.5137719298245614
1978,Munich,4.32,4.5129257641921397
1979,Munich,4.87,4.5144782608695652
1980,Munich,4.19,4.5130735930735931
1981,Munich,4.82,4.5143965517241379
1982,Munich,5.51,4.5186695278969957
1983,Munich,5.60,4.5232905982905983
1984,Munich,4.43,4.5228936170212766
1985,Munich,4.52,4.5228813559322034
1986,Munich,4.85,4.5242616033755274
1987,Munich,4.69,4.5249579831932773
1988,Munich,5.64,4.5296234309623431
1989,Munich,5.88,4.5352500000000000
1990,Munich,5.92,4.5409958506224066
1991,Munich,4.93,4.5426033057851240
1992,Munich,5.91,4.5482304526748971
1993,Munich,5.33,4.5514344262295082
1994,Munich,6.64,4.5599591836734694
1995,Munich,5.33,4.5630894308943089
1996,Munich,4.49,4.5627935222672065
1997,Munich,5.79,4.5677419354838710
1998,Munich,5.66,4.5721285140562249
1999,Munich,5.55,4.5760400000000000
2000,Munich,6.33,4.5830278884462151
2001,Munich,5.59,4.5870238095238095
2002,Munich,6.26,4.5936363636363636
2003,Munich,6.12,4.5996456692913386
2004,Munich,5.43,4.6029019607843137
2005,Munich,5.01,4.6044921875000000
2006,Munich,5.94,4.6096887159533074
2007,Munich,6.28,4.6161627906976744
2008,Munich,5.94,4.6212741312741313
2009,Munich,5.89,4.6261538461538462
2010,Munich,4.85,4.6270114942528736
2011,Munich,6.56,4.6343893129770992
2012,Munich,5.88,4.6391254752851711
2013,Munich,6.00,4.6442803030303030
1840,Shenzhen,23.71,23.7100000000000000
1841,Shenzhen,20.76,22.2350000000000000
1842,Shenzhen,20.96,21.8100000000000000
1843,Shenzhen,21.05,21.6200000000000000
1844,Shenzhen,20.66,21.4280000000000000
1845,Shenzhen,20.66,21.3000000000000000
1846,Shenzhen,21.28,21.2971428571428571
1847,Shenzhen,20.91,21.2487500000000000
1848,Shenzhen,20.55,21.1711111111111111
1849,Shenzhen,20.85,21.1390000000000000
1850,Shenzhen,21.03,21.1290909090909091
1851,Shenzhen,21.12,21.1283333333333333
1852,Shenzhen,21.10,21.1261538461538462
1853,Shenzhen,21.61,21.1607142857142857
1854,Shenzhen,21.47,21.1813333333333333
1855,Shenzhen,20.90,21.1637500000000000
1856,Shenzhen,20.40,21.1188235294117647
1857,Shenzhen,20.97,21.1105555555555556
1858,Shenzhen,20.84,21.0963157894736842
1859,Shenzhen,21.07,21.0950000000000000
1860,Shenzhen,21.08,21.0942857142857143
1861,Shenzhen,20.83,21.0822727272727273
1862,Shenzhen,20.17,21.0426086956521739
1863,Shenzhen,20.67,21.0270833333333333
1864,Shenzhen,20.53,21.0072000000000000
1865,Shenzhen,21.49,21.0257692307692308
1866,Shenzhen,21.06,21.0270370370370370
1867,Shenzhen,21.39,21.0400000000000000
1868,Shenzhen,21.60,21.0593103448275862
1869,Shenzhen,21.39,21.0703333333333333
1870,Shenzhen,21.59,21.0870967741935484
1871,Shenzhen,21.37,21.0959375000000000
1872,Shenzhen,21.52,21.1087878787878788
1873,Shenzhen,21.06,21.1073529411764706
1874,Shenzhen,21.39,21.1154285714285714
1875,Shenzhen,21.30,21.1205555555555556
1876,Shenzhen,20.74,21.1102702702702703
1877,Shenzhen,21.31,21.1155263157894737
1878,Shenzhen,21.35,21.1215384615384615
1879,Shenzhen,21.43,21.1292500000000000
1880,Shenzhen,20.67,21.1180487804878049
1881,Shenzhen,21.03,21.1159523809523810
1882,Shenzhen,20.87,21.1102325581395349
1883,Shenzhen,20.59,21.0984090909090909
1884,Shenzhen,20.21,21.0786666666666667
1885,Shenzhen,20.44,21.0647826086956522
1886,Shenzhen,20.44,21.0514893617021277
1887,Shenzhen,20.86,21.0475000000000000
1888,Shenzhen,21.37,21.0540816326530612
1889,Shenzhen,21.17,21.0564000000000000
1890,Shenzhen,21.30,21.0611764705882353
1891,Shenzhen,21.22,21.0642307692307692
1892,Shenzhen,20.74,21.0581132075471698
1893,Shenzhen,20.53,21.0483333333333333
1894,Shenzhen,21.10,21.0492727272727273
1895,Shenzhen,20.97,21.0478571428571429
1896,Shenzhen,21.18,21.0501754385964912
1897,Shenzhen,21.19,21.0525862068965517
1898,Shenzhen,21.31,21.0569491525423729
1899,Shenzhen,21.03,21.0565000000000000
1900,Shenzhen,21.02,21.0559016393442623
1901,Shenzhen,21.11,21.0567741935483871
1902,Shenzhen,21.82,21.0688888888888889
1903,Shenzhen,20.93,21.0667187500000000
1904,Shenzhen,21.00,21.0656923076923077
1905,Shenzhen,20.91,21.0633333333333333
1906,Shenzhen,21.16,21.0647761194029851
1907,Shenzhen,21.21,21.0669117647058824
1908,Shenzhen,21.11,21.0675362318840580
1909,Shenzhen,21.47,21.0732857142857143
1910,Shenzhen,21.11,21.0738028169014085
1911,Shenzhen,21.16,21.0750000000000000
1912,Shenzhen,21.13,21.0757534246575342
1913,Shenzhen,21.04,21.0752702702702703
1914,Shenzhen,21.86,21.0857333333333333
1915,Shenzhen,21.80,21.0951315789473684
1916,Shenzhen,21.06,21.0946753246753247
1917,Shenzhen,20.67,21.0892307692307692
1918,Shenzhen,20.91,21.0869620253164557
1919,Shenzhen,21.43,21.0912500000000000
1920,Shenzhen,21.24,21.0930864197530864
1921,Shenzhen,21.39,21.0967073170731707
1922,Shenzhen,21.52,21.1018072289156627
1923,Shenzhen,21.64,21.1082142857142857
1924,Shenzhen,21.45,21.1122352941176471
1925,Shenzhen,21.05,21.1115116279069767
1926,Shenzhen,21.29,21.1135632183908046
1927,Shenzhen,21.17,21.1142045454545455
1928,Shenzhen,21.74,21.1212359550561798
1929,Shenzhen,21.57,21.1262222222222222
1930,Shenzhen,21.35,21.1286813186813187
1931,Shenzhen,21.36,21.1311956521739130
1932,Shenzhen,21.22,21.1321505376344086
1933,Shenzhen,21.47,21.1357446808510638
1934,Shenzhen,20.97,21.1340000000000000
1935,Shenzhen,21.55,21.1383333333333333
1936,Shenzhen,21.05,21.1374226804123711
1937,Shenzhen,21.85,21.1446938775510204
1938,Shenzhen,21.86,21.1519191919191919
1939,Shenzhen,21.44,21.1548000000000000
1940,Shenzhen,21.79,21.1610891089108911
1941,Shenzhen,21.95,21.1688235294117647
1942,Shenzhen,21.89,21.1758252427184466
1943,Shenzhen,21.88,21.1825961538461538
1944,Shenzhen,21.66,21.1871428571428571
1945,Shenzhen,21.41,21.1892452830188679
1946,Shenzhen,22.48,21.2013084112149533
1947,Shenzhen,21.44,21.2035185185185185
1948,Shenzhen,21.99,21.2107339449541284
1949,Shenzhen,22.02,21.2180909090909091
1950,Shenzhen,21.90,21.2242342342342342
1951,Shenzhen,21.53,21.2269642857142857
1952,Shenzhen,22.04,21.2341592920353982
1953,Shenzhen,21.91,21.2400877192982456
1954,Shenzhen,21.71,21.2441739130434783
1955,Shenzhen,21.59,21.2471551724137931
1956,Shenzhen,21.48,21.2491452991452991
1957,Shenzhen,21.43,21.2506779661016949
1958,Shenzhen,21.74,21.2547899159663866
1959,Shenzhen,21.89,21.2600833333333333
1960,Shenzhen,21.96,21.2658677685950413
1961,Shenzhen,21.75,21.2698360655737705
1962,Shenzhen,21.46,21.2713821138211382
1963,Shenzhen,21.96,21.2769354838709677
1964,Shenzhen,21.76,21.2808000000000000
1965,Shenzhen,21.83,21.2851587301587302
1966,Shenzhen,22.29,21.2930708661417323
1967,Shenzhen,21.50,21.2946875000000000
1968,Shenzhen,21.68,21.2976744186046512
1969,Shenzhen,21.28,21.2975384615384615
1970,Shenzhen,21.40,21.2983206106870229
1971,Shenzhen,21.44,21.2993939393939394
1972,Shenzhen,21.65,21.3020300751879699
1973,Shenzhen,22.00,21.3072388059701493
1974,Shenzhen,21.54,21.3089629629629630
1975,Shenzhen,21.65,21.3114705882352941
1976,Shenzhen,21.23,21.3108759124087591
1977,Shenzhen,22.07,21.3163768115942029
1978,Shenzhen,21.69,21.3190647482014388
1979,Shenzhen,21.74,21.3220714285714286
1980,Shenzhen,21.86,21.3258865248226950
1981,Shenzhen,21.90,21.3299295774647887
1982,Shenzhen,21.75,21.3328671328671329
1983,Shenzhen,21.57,21.3345138888888889
1984,Shenzhen,21.14,21.3331724137931034
1985,Shenzhen,21.47,21.3341095890410959
1986,Shenzhen,21.75,21.3369387755102041
1987,Shenzhen,22.38,21.3439864864864865
1988,Shenzhen,21.47,21.3448322147651007
1989,Shenzhen,21.91,21.3486000000000000
1990,Shenzhen,22.16,21.3539735099337748
1991,Shenzhen,22.04,21.3584868421052632
1992,Shenzhen,21.31,21.3581699346405229
1993,Shenzhen,21.43,21.3586363636363636
1994,Shenzhen,21.91,21.3621935483870968
1995,Shenzhen,21.27,21.3616025641025641
1996,Shenzhen,21.51,21.3625477707006369
1997,Shenzhen,21.65,21.3643670886075949
1998,Shenzhen,22.48,21.3713836477987421
1999,Shenzhen,22.15,21.3762500000000000
2000,Shenzhen,21.92,21.3796273291925466
2001,Shenzhen,22.06,21.3838271604938272
2002,Shenzhen,22.37,21.3898773006134969
2003,Shenzhen,22.21,21.3948780487804878
2004,Shenzhen,22.00,21.3985454545454545
2005,Shenzhen,21.85,21.4012650602409639
2006,Shenzhen,22.23,21.4062275449101796
2007,Shenzhen,22.31,21.4116071428571429
2008,Shenzhen,21.66,21.4130769230769231
2009,Shenzhen,22.20,21.4177058823529412
2010,Shenzhen,21.80,21.4199415204678363
2011,Shenzhen,21.53,21.4205813953488372
2012,Shenzhen,21.83,21.4229479768786127
2013,Shenzhen,22.80,21.4308620689655172
1750,Stockholm,7.35,7.3500000000000000
1751,Stockholm,6.46,6.9050000000000000
1752,Stockholm,3.08,5.6300000000000000
1753,Stockholm,6.18,5.7675000000000000
1754,Stockholm,6.16,5.8460000000000000
1755,Stockholm,5.82,5.8416666666666667
1756,Stockholm,6.30,5.9071428571428571
1757,Stockholm,6.51,5.9825000000000000
1758,Stockholm,5.21,5.8966666666666667
1759,Stockholm,6.58,5.9650000000000000
1760,Stockholm,5.62,5.9336363636363636
1761,Stockholm,6.88,6.0125000000000000
1762,Stockholm,6.23,6.0292307692307692
1763,Stockholm,5.61,5.9992857142857143
1764,Stockholm,6.64,6.0420000000000000
1765,Stockholm,6.17,6.0500000000000000
1766,Stockholm,6.88,6.0988235294117647
1767,Stockholm,5.69,6.0761111111111111
1768,Stockholm,5.61,6.0515789473684211
1769,Stockholm,5.93,6.0455000000000000
1770,Stockholm,6.10,6.0480952380952381
1771,Stockholm,5.17,6.0081818181818182
1772,Stockholm,5.86,6.0017391304347826
1773,Stockholm,7.51,6.0645833333333333
1774,Stockholm,5.65,6.0480000000000000
1775,Stockholm,7.86,6.1176923076923077
1776,Stockholm,6.63,6.1366666666666667
1777,Stockholm,5.83,6.1257142857142857
1778,Stockholm,6.29,6.1313793103448276
1779,Stockholm,8.06,6.1956666666666667
1780,Stockholm,6.13,6.1935483870967742
1781,Stockholm,6.96,6.2175000000000000
1782,Stockholm,5.38,6.1921212121212121
1783,Stockholm,6.97,6.2150000000000000
1784,Stockholm,4.94,6.1785714285714286
1785,Stockholm,4.92,6.1436111111111111
1786,Stockholm,4.97,6.1118918918918919
1787,Stockholm,6.25,6.1155263157894737
1788,Stockholm,5.28,6.0941025641025641
1789,Stockholm,6.99,6.1165000000000000
1790,Stockholm,6.65,6.1295121951219512
1791,Stockholm,7.44,6.1607142857142857
1792,Stockholm,6.38,6.1658139534883721
1793,Stockholm,6.77,6.1795454545454545
1794,Stockholm,7.83,6.2162222222222222
1795,Stockholm,5.56,6.2019565217391304
1796,Stockholm,6.78,6.2142553191489362
1797,Stockholm,7.67,6.2445833333333333
1798,Stockholm,7.37,6.2675510204081633
1799,Stockholm,4.73,6.2368000000000000
1800,Stockholm,5.74,6.2270588235294118
1801,Stockholm,6.80,6.2380769230769231
1802,Stockholm,6.29,6.2390566037735849
1803,Stockholm,5.39,6.2233333333333333
1804,Stockholm,5.65,6.2129090909090909
1805,Stockholm,5.00,6.1912500000000000
1806,Stockholm,6.17,6.1908771929824561
1807,Stockholm,6.21,6.1912068965517241
1808,Stockholm,5.87,6.1857627118644068
1809,Stockholm,5.25,6.1701666666666667
1810,Stockholm,5.49,6.1590163934426230
1811,Stockholm,7.06,6.1735483870967742
1812,Stockholm,4.70,6.1501587301587302
1813,Stockholm,6.39,6.1539062500000000
1814,Stockholm,5.03,6.1366153846153846
1815,Stockholm,6.08,6.1357575757575758
1816,Stockholm,5.38,6.1244776119402985
1817,Stockholm,6.20,6.1255882352941176
1818,Stockholm,6.83,6.1357971014492754
1819,Stockholm,7.15,6.1502857142857143
1820,Stockholm,5.68,6.1436619718309859
1821,Stockholm,6.46,6.1480555555555556
1822,Stockholm,8.21,6.1763013698630137
1823,Stockholm,6.41,6.1794594594594595
1824,Stockholm,7.44,6.1962666666666667
1825,Stockholm,6.90,6.2055263157894737
1826,Stockholm,7.60,6.2236363636363636
1827,Stockholm,6.59,6.2283333333333333
1828,Stockholm,6.04,6.2259493670886076
1829,Stockholm,4.14,6.1998750000000000
1830,Stockholm,5.71,6.1938271604938272
1831,Stockholm,6.26,6.1946341463414634
1832,Stockholm,6.10,6.1934939759036145
1833,Stockholm,6.54,6.1976190476190476
1834,Stockholm,7.37,6.2114117647058824
1835,Stockholm,6.22,6.2115116279069767
1836,Stockholm,5.96,6.2086206896551724
1837,Stockholm,5.70,6.2028409090909091
1838,Stockholm,4.54,6.1841573033707865
1839,Stockholm,5.74,6.1792222222222222
1840,Stockholm,5.42,6.1708791208791209
1841,Stockholm,6.21,6.1713043478260870
1842,Stockholm,6.66,6.1765591397849462
1843,Stockholm,6.60,6.1810638297872340
1844,Stockholm,4.83,6.1668421052631579
1845,Stockholm,5.55,6.1604166666666667
1846,Stockholm,7.05,6.1695876288659794
1847,Stockholm,6.03,6.1681632653061224
1848,Stockholm,6.28,6.1692929292929293
1849,Stockholm,5.56,6.1632000000000000
1850,Stockholm,5.78,6.1594059405940594
1851,Stockholm,6.39,6.1616666666666667
1852,Stockholm,6.25,6.1625242718446602
1853,Stockholm,5.82,6.1592307692307692
1854,Stockholm,6.60,6.1634285714285714
1855,Stockholm,5.09,6.1533018867924528
1856,Stockholm,5.03,6.1428037383177570
1857,Stockholm,6.76,6.1485185185185185
1858,Stockholm,6.91,6.1555045871559633
1859,Stockholm,7.34,6.1662727272727273
1860,Stockholm,5.63,6.1614414414414414
1861,Stockholm,6.25,6.1622321428571429
1862,Stockholm,5.18,6.1535398230088496
1863,Stockholm,7.47,6.1650877192982456
1864,Stockholm,5.41,6.1585217391304348
1865,Stockholm,6.05,6.1575862068965517
1866,Stockholm,6.30,6.1588034188034188
1867,Stockholm,4.15,6.1417796610169492
1868,Stockholm,7.04,6.1493277310924370
1869,Stockholm,6.34,6.1509166666666667
1870,Stockholm,5.53,6.1457851239669421
1871,Stockholm,4.46,6.1319672131147541
1872,Stockholm,7.38,6.1421138211382114
1873,Stockholm,6.89,6.1481451612903226
1874,Stockholm,6.57,6.1515200000000000
1875,Stockholm,4.82,6.1409523809523810
1876,Stockholm,5.37,6.1348818897637795
1877,Stockholm,5.14,6.1271093750000000
1878,Stockholm,6.88,6.1329457364341085
1879,Stockholm,5.39,6.1272307692307692
1880,Stockholm,6.20,6.1277862595419847
1881,Stockholm,4.56,6.1159090909090909
1882,Stockholm,7.10,6.1233082706766917
1883,Stockholm,6.36,6.1250746268656716
1884,Stockholm,6.55,6.1282222222222222
1885,Stockholm,5.90,6.1265441176470588
1886,Stockholm,6.45,6.1289051094890511
1887,Stockholm,6.49,6.1315217391304348
1888,Stockholm,4.50,6.1197841726618705
1889,Stockholm,6.15,6.1200000000000000
1890,Stockholm,6.77,6.1246099290780142
1891,Stockholm,6.56,6.1276760563380282
1892,Stockholm,5.58,6.1238461538461538
1893,Stockholm,5.32,6.1182638888888889
1894,Stockholm,7.19,6.1256551724137931
1895,Stockholm,5.99,6.1247260273972603
1896,Stockholm,6.98,6.1305442176870748
1897,Stockholm,6.51,6.1331081081081081
1898,Stockholm,6.71,6.1369798657718121
1899,Stockholm,6.05,6.1364000000000000
1900,Stockholm,5.99,6.1354304635761589
1901,Stockholm,6.80,6.1398026315789474
1902,Stockholm,4.75,6.1307189542483660
1903,Stockholm,6.72,6.1345454545454545
1904,Stockholm,6.01,6.1337419354838710
1905,Stockholm,6.59,6.1366666666666667
1906,Stockholm,7.03,6.1423566878980892
1907,Stockholm,5.83,6.1403797468354430
1908,Stockholm,6.19,6.1406918238993711
1909,Stockholm,5.69,6.1378750000000000
1910,Stockholm,7.27,6.1449068322981366
1911,Stockholm,7.22,6.1515432098765432
1912,Stockholm,6.18,6.1517177914110429
1913,Stockholm,7.28,6.1585975609756098
1914,Stockholm,7.68,6.1678181818181818
1915,Stockholm,5.11,6.1614457831325301
1916,Stockholm,6.11,6.1611377245508982
1917,Stockholm,5.77,6.1588095238095238
1918,Stockholm,6.49,6.1607692307692308
1919,Stockholm,5.83,6.1588235294117647
1920,Stockholm,7.17,6.1647368421052632
1921,Stockholm,7.19,6.1706976744186047
1922,Stockholm,5.67,6.1678034682080925
1923,Stockholm,5.75,6.1654022988505747
1924,Stockholm,6.22,6.1657142857142857
1925,Stockholm,6.97,6.1702840909090909
1926,Stockholm,6.28,6.1709039548022599
1927,Stockholm,6.31,6.1716853932584270
1928,Stockholm,5.97,6.1705586592178771
1929,Stockholm,5.92,6.1691666666666667
1930,Stockholm,7.86,6.1785082872928177
1931,Stockholm,5.60,6.1753296703296703
1932,Stockholm,6.98,6.1797267759562842
1933,Stockholm,6.61,6.1820652173913043
1934,Stockholm,8.39,6.1940000000000000
1935,Stockholm,7.09,6.1988172043010753
1936,Stockholm,7.25,6.2044385026737968
1937,Stockholm,7.38,6.2106914893617021
1938,Stockholm,8.05,6.2204232804232804
1939,Stockholm,7.36,6.2264210526315789
1940,Stockholm,4.95,6.2197382198952880
1941,Stockholm,4.83,6.2125000000000000
1942,Stockholm,4.35,6.2028497409326425
1943,Stockholm,7.72,6.2106701030927835
1944,Stockholm,7.25,6.2160000000000000
1945,Stockholm,7.06,6.2203061224489796
1946,Stockholm,6.65,6.2224873096446701
1947,Stockholm,6.10,6.2218686868686869
1948,Stockholm,7.02,6.2258793969849246
1949,Stockholm,8.10,6.2352500000000000
1950,Stockholm,7.10,6.2395522388059701
1951,Stockholm,6.99,6.2432673267326733
1952,Stockholm,5.96,6.2418719211822660
1953,Stockholm,7.68,6.2489215686274510
1954,Stockholm,6.40,6.2496585365853659
1955,Stockholm,6.24,6.2496116504854369
1956,Stockholm,5.25,6.2447826086956522
1957,Stockholm,6.68,6.2468750000000000
1958,Stockholm,5.98,6.2455980861244019
1959,Stockholm,7.69,6.2524761904761905
1960,Stockholm,6.59,6.2540758293838863
1961,Stockholm,7.74,6.2610849056603774
1962,Stockholm,5.83,6.2590610328638498
1963,Stockholm,5.85,6.2571495327102804
1964,Stockholm,6.60,6.2587441860465116
1965,Stockholm,5.84,6.2568055555555556
1966,Stockholm,5.61,6.2538248847926267
1967,Stockholm,7.03,6.2573853211009174
1968,Stockholm,6.59,6.2589041095890411
1969,Stockholm,6.06,6.2580000000000000
1970,Stockholm,5.38,6.2540271493212670
1971,Stockholm,6.77,6.2563513513513514
1972,Stockholm,7.27,6.2608968609865471
1973,Stockholm,7.24,6.2652678571428571
1974,Stockholm,7.50,6.2707555555555556
1975,Stockholm,8.27,6.2796017699115044
1976,Stockholm,6.06,6.2786343612334802
1977,Stockholm,6.35,6.2789473684210526
1978,Stockholm,5.95,6.2775109170305677
1979,Stockholm,5.85,6.2756521739130435
1980,Stockholm,6.04,6.2746320346320346
1981,Stockholm,6.20,6.2743103448275862
1982,Stockholm,6.96,6.2772532188841202
1983,Stockholm,7.44,6.2822222222222222
1984,Stockholm,7.29,6.2865106382978723
1985,Stockholm,4.85,6.2804237288135593
1986,Stockholm,6.15,6.2798734177215190
1987,Stockholm,4.99,6.2744537815126050
1988,Stockholm,6.98,6.2774058577405858
1989,Stockholm,8.35,6.2860416666666667
1990,Stockholm,8.43,6.2949377593360996
1991,Stockholm,7.49,6.2998760330578512
1992,Stockholm,7.94,6.3066255144032922
1993,Stockholm,6.98,6.3093852459016393
1994,Stockholm,7.23,6.3131428571428571
1995,Stockholm,7.17,6.3166260162601626
1996,Stockholm,6.15,6.3159514170040486
1997,Stockholm,7.66,6.3213709677419355
1998,Stockholm,6.89,6.3236546184738956
1999,Stockholm,8.02,6.3304400000000000
2000,Stockholm,8.42,6.3387649402390438
2001,Stockholm,7.48,6.3432936507936508
2002,Stockholm,7.96,6.3496837944664032
2003,Stockholm,7.46,6.3540551181102362
2004,Stockholm,7.53,6.3586666666666667
2005,Stockholm,7.72,6.3639843750000000
2006,Stockholm,8.30,6.3715175097276265
2007,Stockholm,8.16,6.3784496124031008
2008,Stockholm,8.49,6.3866023166023166
2009,Stockholm,7.54,6.3910384615384615
2010,Stockholm,6.01,6.3895785440613027
2011,Stockholm,8.18,6.3964122137404580
2012,Stockholm,7.21,6.3995057034220532
2013,Stockholm,7.10,6.4021590909090909
1841,Sydney,16.56,16.5600000000000000
1842,Sydney,16.57,16.5650000000000000
1843,Sydney,16.88,16.6700000000000000
1844,Sydney,16.22,16.5575000000000000
1845,Sydney,16.64,16.5740000000000000
1846,Sydney,17.07,16.6566666666666667
1847,Sydney,16.60,16.6485714285714286
1848,Sydney,16.25,16.5987500000000000
1849,Sydney,16.08,16.5411111111111111
1850,Sydney,16.51,16.5380000000000000
1851,Sydney,16.60,16.5436363636363636
1852,Sydney,16.39,16.5308333333333333
1853,Sydney,16.10,16.4976923076923077
1854,Sydney,16.48,16.4964285714285714
1855,Sydney,16.90,16.5233333333333333
1856,Sydney,16.76,16.5381250000000000
1857,Sydney,16.69,16.5470588235294118
1858,Sydney,17.04,16.5744444444444444
1859,Sydney,16.26,16.5578947368421053
1860,Sydney,16.33,16.5465000000000000
1861,Sydney,16.72,16.5547619047619048
1862,Sydney,16.90,16.5704545454545455
1863,Sydney,16.53,16.5686956521739130
1864,Sydney,16.37,16.5604166666666667
1865,Sydney,16.75,16.5680000000000000
1866,Sydney,16.96,16.5830769230769231
1867,Sydney,17.38,16.6125925925925926
1868,Sydney,16.96,16.6250000000000000
1869,Sydney,16.91,16.6348275862068966
1870,Sydney,16.84,16.6416666666666667
1871,Sydney,16.75,16.6451612903225806
1872,Sydney,16.71,16.6471875000000000
1873,Sydney,16.78,16.6512121212121212
1874,Sydney,16.75,16.6541176470588235
1875,Sydney,16.95,16.6625714285714286
1876,Sydney,17.30,16.6802777777777778
1877,Sydney,17.04,16.6900000000000000
1878,Sydney,17.24,16.7044736842105263
1879,Sydney,16.31,16.6943589743589744
1880,Sydney,16.65,16.6932500000000000
1881,Sydney,16.63,16.6917073170731707
1882,Sydney,17.03,16.6997619047619048
1883,Sydney,16.46,16.6941860465116279
1884,Sydney,16.86,16.6979545454545455
1885,Sydney,16.95,16.7035555555555556
1886,Sydney,16.88,16.7073913043478261
1887,Sydney,16.66,16.7063829787234043
1888,Sydney,16.72,16.7066666666666667
1889,Sydney,17.17,16.7161224489795918
1890,Sydney,16.77,16.7172000000000000
1891,Sydney,16.74,16.7176470588235294
1892,Sydney,16.60,16.7153846153846154
1893,Sydney,16.67,16.7145283018867925
1894,Sydney,16.83,16.7166666666666667
1895,Sydney,16.85,16.7190909090909091
1896,Sydney,16.85,16.7214285714285714
1897,Sydney,17.08,16.7277192982456140
1898,Sydney,17.04,16.7331034482758621
1899,Sydney,17.06,16.7386440677966102
1900,Sydney,16.98,16.7426666666666667
1901,Sydney,16.86,16.7445901639344262
1902,Sydney,16.98,16.7483870967741935
1903,Sydney,16.87,16.7503174603174603
1904,Sydney,16.58,16.7476562500000000
1905,Sydney,16.57,16.7449230769230769
1906,Sydney,16.92,16.7475757575757576
1907,Sydney,16.87,16.7494029850746269
1908,Sydney,16.67,16.7482352941176471
1909,Sydney,16.47,16.7442028985507246
1910,Sydney,16.93,16.7468571428571429
1911,Sydney,16.85,16.7483098591549296
1912,Sydney,17.10,16.7531944444444444
1913,Sydney,17.23,16.7597260273972603
1914,Sydney,17.87,16.7747297297297297
1915,Sydney,17.31,16.7818666666666667
1916,Sydney,16.97,16.7843421052631579
1917,Sydney,16.55,16.7812987012987013
1918,Sydney,16.56,16.7784615384615385
1919,Sydney,17.51,16.7877215189873418
1920,Sydney,16.65,16.7860000000000000
1921,Sydney,17.15,16.7904938271604938
1922,Sydney,17.22,16.7957317073170732
1923,Sydney,17.20,16.8006024096385542
1924,Sydney,16.65,16.7988095238095238
1925,Sydney,16.55,16.7958823529411765
1926,Sydney,17.25,16.8011627906976744
1927,Sydney,16.42,16.7967816091954023
1928,Sydney,17.40,16.8036363636363636
1929,Sydney,16.69,16.8023595505617978
1930,Sydney,17.10,16.8056666666666667
1931,Sydney,16.86,16.8062637362637363
1932,Sydney,16.97,16.8080434782608696
1933,Sydney,16.76,16.8075268817204301
1934,Sydney,16.89,16.8084042553191489
1935,Sydney,16.55,16.8056842105263158
1936,Sydney,16.79,16.8055208333333333
1937,Sydney,16.97,16.8072164948453608
1938,Sydney,17.39,16.8131632653061224
1939,Sydney,17.33,16.8183838383838384
1940,Sydney,17.64,16.8266000000000000
1941,Sydney,16.86,16.8269306930693069
1942,Sydney,17.30,16.8315686274509804
1943,Sydney,16.31,16.8265048543689320
1944,Sydney,16.99,16.8280769230769231
1945,Sydney,16.89,16.8286666666666667
1946,Sydney,17.04,16.8306603773584906
1947,Sydney,16.94,16.8316822429906542
1948,Sydney,16.42,16.8278703703703704
1949,Sydney,16.55,16.8253211009174312
1950,Sydney,17.14,16.8281818181818182
1951,Sydney,16.73,16.8272972972972973
1952,Sydney,16.83,16.8273214285714286
1953,Sydney,16.73,16.8264601769911504
1954,Sydney,16.93,16.8273684210526316
1955,Sydney,16.99,16.8287826086956522
1956,Sydney,16.64,16.8271551724137931
1957,Sydney,17.06,16.8291452991452991
1958,Sydney,17.41,16.8340677966101695
1959,Sydney,17.23,16.8373949579831933
1960,Sydney,16.68,16.8360833333333333
1961,Sydney,16.86,16.8362809917355372
1962,Sydney,16.74,16.8354918032786885
1963,Sydney,16.93,16.8362601626016260
1964,Sydney,16.96,16.8372580645161290
1965,Sydney,17.00,16.8385600000000000
1966,Sydney,16.64,16.8369841269841270
1967,Sydney,16.85,16.8370866141732283
1968,Sydney,17.27,16.8404687500000000
1969,Sydney,17.18,16.8431007751937984
1970,Sydney,16.78,16.8426153846153846
1971,Sydney,16.84,16.8425954198473282
1972,Sydney,17.03,16.8440151515151515
1973,Sydney,17.81,16.8512781954887218
1974,Sydney,16.98,16.8522388059701493
1975,Sydney,17.34,16.8558518518518519
1976,Sydney,17.01,16.8569852941176471
1977,Sydney,17.34,16.8605109489051095
1978,Sydney,17.16,16.8626811594202899
1979,Sydney,17.56,16.8676978417266187
1980,Sydney,18.00,16.8757857142857143
1981,Sydney,17.49,16.8801418439716312
1982,Sydney,17.30,16.8830985915492958
1983,Sydney,17.47,16.8872027972027972
1984,Sydney,16.91,16.8873611111111111
1985,Sydney,17.09,16.8887586206896552
1986,Sydney,17.06,16.8899315068493151
1987,Sydney,17.37,16.8931972789115646
1988,Sydney,17.89,16.8999324324324324
1989,Sydney,17.26,16.9023489932885906
1990,Sydney,17.47,16.9061333333333333
1991,Sydney,17.85,16.9123841059602649
1992,Sydney,16.89,16.9122368421052632
1993,Sydney,17.42,16.9155555555555556
1994,Sydney,17.36,16.9184415584415584
1995,Sydney,16.95,16.9186451612903226
1996,Sydney,17.05,16.9194871794871795
1997,Sydney,17.51,16.9232484076433121
1998,Sydney,18.05,16.9303797468354430
1999,Sydney,17.55,16.9342767295597484
2000,Sydney,17.57,16.9382500000000000
2001,Sydney,17.85,16.9439130434782609
2002,Sydney,17.73,16.9487654320987654
2003,Sydney,17.59,16.9526993865030675
2004,Sydney,17.87,16.9582926829268293
2005,Sydney,18.03,16.9647878787878788
2006,Sydney,17.75,16.9695180722891566
2007,Sydney,18.02,16.9758083832335329
2008,Sydney,17.32,16.9778571428571429
2009,Sydney,18.18,16.9849704142011834
2010,Sydney,18.00,16.9909411764705882
2011,Sydney,17.71,16.9951461988304094
2012,Sydney,17.47,16.9979069767441860
2013,Sydney,18.09,17.0042196531791908
